TR:Mock:CellType,TR:KRAS,TR:TP53,TR:RAF1,TR:PIK3CA,TR:CDKN2A,TR:TP53i,TR:EGFR,TR:HRAS,TR:ERBB2,TR:E2F1i,TR:CDKN2Ai,TR:PIK3R1,TR:CCND1,TR:RB1,TR:RB1i,TR:NRAS,TR:PIK3R1i,DA:AKT1,DA:CCND1,DA:CDK4,DA:CDK6,DA:CDKN2A,DA:E2F1,DA:EGFR,DA:ERBB2,DA:HRAS,DA:KRAS,DA:MAP2K1,DA:NRAS,DA:PIK3CA,DA:PIK3R1,DA:RAF1,DA:RB1,DA:TP53,DV:AKT1,DV:CCND1,DV:CDK4,DV:CDK6,DV:CDKN2A,DV:E2F1,DV:EGFR,DV:ERBB2,DV:HRAS,DV:KRAS,DV:MAP2K1,DV:NRAS,DV:PIK3CA,DV:PIK3R1,DV:RAF1,DV:RB1,DV:TP53
1.0000,0.0000,0.0000,0.0000,0.0000,0.0000,0.0000,0.0000,0.0000,0.0000,0.0000,0.0000,0.0000,0.0000,0.0000,0.0000,0.0000,0.0000,0.0000,0.0000,0.0000,0.0000,0.0000,0.0000,0.0000,0.0000,0.0000,0.0000,0.0000,0.0000,0.0000,0.0000,0.0000,0.0000,0.0000,0.0000,0.0000,0.0000,0.0000,0.0000,0.0000,0.0000,0.0000,0.0000,0.0000,0.0000,0.0000,0.0000,0.0000,0.0000,0.0000,0.0000
1.0000,0.0000,0.0000,0.0000,0.0000,0.0000,0.0000,0.0000,0.0000,0.0000,0.0000,0.0000,0.0000,0.0000,0.0000,0.0000,0.0000,0.0000,0.0000,0.0000,0.0000,0.0000,0.0000,0.0000,0.0000,0.0000,0.0000,0.0000,0.0000,0.0000,0.0000,0.0000,0.0000,0.0000,0.0000,0.0000,0.0000,0.0000,0.0000,0.0000,0.0000,0.0000,0.0000,0.0000,0.0000,0.0000,0.0000,0.0000,0.0000,0.0000,0.0000,0.0000
1.0000,0.0000,0.0000,0.0000,0.0000,0.0000,0.0000,0.0000,0.0000,0.0000,0.0000,0.0000,0.0000,0.0000,0.0000,0.0000,0.0000,0.0000,0.0000,0.0000,0.0000,0.0000,0.0000,0.0000,0.0000,0.0000,0.0000,0.0000,0.0000,0.0000,0.0000,0.0000,0.0000,0.0000,0.0000,0.0000,0.0000,0.0000,0.0000,0.0000,0.0000,0.0000,0.0000,0.0000,0.0000,0.0000,0.0000,0.0000,0.0000,0.0000,0.0000,0.0000
1.0000,0.0000,0.0000,0.0000,0.0000,0.0000,0.0000,0.0000,0.0000,0.0000,0.0000,0.0000,0.0000,0.0000,0.0000,0.0000,0.0000,0.0000,0.0000,0.0000,0.0000,0.0000,0.0000,0.0000,0.0000,0.0000,0.0000,0.0000,0.0000,0.0000,0.0000,0.0000,0.0000,0.0000,0.0000,0.0000,0.0000,0.0000,0.0000,0.0000,0.0000,0.0000,0.0000,0.0000,0.0000,0.0000,0.0000,0.0000,0.0000,0.0000,0.0000,0.0000
1.0000,0.0000,0.0000,0.0000,0.0000,0.0000,0.0000,0.0000,0.0000,0.0000,0.0000,0.0000,0.0000,0.0000,0.0000,0.0000,0.0000,0.0000,0.0000,0.0000,0.0000,0.0000,0.0000,0.0000,0.0000,0.0000,0.0000,0.0000,0.0000,0.0000,0.0000,0.0000,0.0000,0.0000,0.0000,0.0000,0.0000,0.0000,0.0000,0.0000,0.0000,0.0000,0.0000,0.0000,0.0000,0.0000,0.0000,0.0000,0.0000,0.0000,0.0000,0.0000
1.0000,0.0000,0.0000,0.0000,0.0000,0.0000,0.0000,0.0000,0.0000,0.0000,0.0000,0.0000,0.0000,0.0000,0.0000,0.0000,0.0000,0.0000,0.0000,0.0000,0.0000,0.0000,0.0000,0.0000,0.0000,0.0000,0.0000,0.0000,0.0000,0.0000,0.0000,0.0000,0.0000,0.0000,0.0000,0.0000,0.0000,0.0000,0.0000,0.0000,0.0000,0.0000,0.0000,0.0000,0.0000,0.0000,0.0000,0.0000,0.0000,0.0000,0.0000,0.0000
1.0000,0.0000,0.0000,0.0000,0.0000,0.0000,0.0000,0.0000,0.0000,0.0000,0.0000,0.0000,0.0000,0.0000,0.0000,0.0000,0.0000,0.0000,0.0000,0.0000,0.0000,0.0000,0.0000,0.0000,0.0000,0.0000,0.0000,0.0000,0.0000,0.0000,0.0000,0.0000,0.0000,0.0000,0.0000,0.0000,0.0000,0.0000,0.0000,0.0000,0.0000,0.0000,0.0000,0.0000,0.0000,0.0000,0.0000,0.0000,0.0000,0.0000,0.0000,0.0000
1.0000,0.0000,0.0000,0.0000,0.0000,0.0000,0.0000,0.0000,0.0000,0.0000,0.0000,0.0000,0.0000,0.0000,0.0000,0.0000,0.0000,0.0000,0.0000,0.0000,0.0000,0.0000,0.0000,0.0000,0.0000,0.0000,0.0000,0.0000,0.0000,0.0000,0.0000,0.0000,0.0000,0.0000,0.0000,0.0000,0.0000,0.0000,0.0000,0.0000,0.0000,0.0000,0.0000,0.0000,0.0000,0.0000,0.0000,0.0000,0.0000,0.0000,0.0000,0.0000
1.0000,0.0000,0.0000,0.0000,0.0000,0.0000,0.0000,0.0000,0.0000,0.0000,0.0000,0.0000,0.0000,0.0000,0.0000,0.0000,0.0000,0.0000,0.0000,0.0000,0.0000,0.0000,0.0000,0.0000,0.0000,0.0000,0.0000,0.0000,0.0000,0.0000,0.0000,0.0000,0.0000,0.0000,0.0000,0.0000,0.0000,0.0000,0.0000,0.0000,0.0000,0.0000,0.0000,0.0000,0.0000,0.0000,0.0000,0.0000,0.0000,0.0000,0.0000,0.0000
1.0000,0.0000,0.0000,0.0000,0.0000,0.0000,0.0000,0.0000,0.0000,0.0000,0.0000,0.0000,0.0000,0.0000,0.0000,0.0000,0.0000,0.0000,0.0000,0.0000,0.0000,0.0000,0.0000,0.0000,0.0000,0.0000,0.0000,0.0000,0.0000,0.0000,0.0000,0.0000,0.0000,0.0000,0.0000,0.0000,0.0000,0.0000,0.0000,0.0000,0.0000,0.0000,0.0000,0.0000,0.0000,0.0000,0.0000,0.0000,0.0000,0.0000,0.0000,0.0000
1.0000,0.0000,0.0000,0.0000,0.0000,0.0000,0.0000,0.0000,0.0000,0.0000,0.0000,0.0000,0.0000,0.0000,0.0000,0.0000,0.0000,0.0000,0.0000,0.0000,0.0000,0.0000,0.0000,0.0000,0.0000,0.0000,0.0000,0.0000,0.0000,0.0000,0.0000,0.0000,0.0000,0.0000,0.0000,0.0000,0.0000,0.0000,0.0000,0.0000,0.0000,0.0000,0.0000,0.0000,0.0000,0.0000,0.0000,0.0000,0.0000,0.0000,0.0000,0.0000
1.0000,0.0000,0.0000,0.0000,0.0000,0.0000,0.0000,0.0000,0.0000,0.0000,0.0000,0.0000,0.0000,0.0000,0.0000,0.0000,0.0000,0.0000,0.0000,0.0000,0.0000,0.0000,0.0000,0.0000,0.0000,0.0000,0.0000,0.0000,0.0000,0.0000,0.0000,0.0000,0.0000,0.0000,0.0000,0.0000,0.0000,0.0000,0.0000,0.0000,0.0000,0.0000,0.0000,0.0000,0.0000,0.0000,0.0000,0.0000,0.0000,0.0000,0.0000,0.0000
1.0000,0.0000,0.0000,0.0000,0.0000,0.0000,0.0000,0.0000,0.0000,0.0000,0.0000,0.0000,0.0000,0.0000,0.0000,0.0000,0.0000,0.0000,0.0000,0.0000,0.0000,0.0000,0.0000,0.0000,0.0000,0.0000,0.0000,0.0000,0.0000,0.0000,0.0000,0.0000,0.0000,0.0000,0.0000,0.0000,0.0000,0.0000,0.0000,0.0000,0.0000,0.0000,0.0000,0.0000,0.0000,0.0000,0.0000,0.0000,0.0000,0.0000,0.0000,0.0000
1.0000,0.0000,0.0000,0.0000,0.0000,0.0000,0.0000,0.0000,0.0000,0.0000,0.0000,0.0000,0.0000,0.0000,0.0000,0.0000,0.0000,0.0000,0.0000,0.0000,0.0000,0.0000,0.0000,0.0000,0.0000,0.0000,0.0000,0.0000,0.0000,0.0000,0.0000,0.0000,0.0000,0.0000,0.0000,0.0000,0.0000,0.0000,0.0000,0.0000,0.0000,0.0000,0.0000,0.0000,0.0000,0.0000,0.0000,0.0000,0.0000,0.0000,0.0000,0.0000
1.0000,0.0000,0.0000,0.0000,0.0000,0.0000,0.0000,0.0000,0.0000,0.0000,0.0000,0.0000,0.0000,0.0000,0.0000,0.0000,0.0000,0.0000,0.0000,0.0000,0.0000,0.0000,0.0000,0.0000,0.0000,0.0000,0.0000,0.0000,0.0000,0.0000,0.0000,0.0000,0.0000,0.0000,0.0000,0.0000,0.0000,0.0000,0.0000,0.0000,0.0000,0.0000,0.0000,0.0000,0.0000,0.0000,0.0000,0.0000,0.0000,0.0000,0.0000,0.0000
1.0000,0.0000,0.0000,0.0000,0.0000,0.0000,0.0000,0.0000,0.0000,0.0000,0.0000,0.0000,0.0000,0.0000,0.0000,0.0000,0.0000,0.0000,0.0000,0.0000,0.0000,0.0000,0.0000,0.0000,0.0000,0.0000,0.0000,0.0000,0.0000,0.0000,0.0000,0.0000,0.0000,0.0000,0.0000,0.0000,0.0000,0.0000,0.0000,0.0000,0.0000,0.0000,0.0000,0.0000,0.0000,0.0000,0.0000,0.0000,0.0000,0.0000,0.0000,0.0000
1.0000,0.0000,0.0000,0.0000,0.0000,0.0000,0.0000,0.0000,0.0000,0.0000,0.0000,0.0000,0.0000,0.0000,0.0000,0.0000,0.0000,0.0000,0.0000,0.0000,0.0000,0.0000,0.0000,0.0000,0.0000,0.0000,0.0000,0.0000,0.0000,0.0000,0.0000,0.0000,0.0000,0.0000,0.0000,0.0000,0.0000,0.0000,0.0000,0.0000,0.0000,0.0000,0.0000,0.0000,0.0000,0.0000,0.0000,0.0000,0.0000,0.0000,0.0000,0.0000
1.0000,0.0000,0.0000,0.0000,0.0000,0.0000,0.0000,0.0000,0.0000,0.0000,0.0000,0.0000,0.0000,0.0000,0.0000,0.0000,0.0000,0.0000,0.0000,0.0000,0.0000,0.0000,0.0000,0.0000,0.0000,0.0000,0.0000,0.0000,0.0000,0.0000,0.0000,0.0000,0.0000,0.0000,0.0000,0.0000,0.0000,0.0000,0.0000,0.0000,0.0000,0.0000,0.0000,0.0000,0.0000,0.0000,0.0000,0.0000,0.0000,0.0000,0.0000,0.0000
1.0000,0.0000,0.0000,0.0000,0.0000,0.0000,0.0000,0.0000,0.0000,0.0000,0.0000,0.0000,0.0000,0.0000,0.0000,0.0000,0.0000,0.0000,0.0000,0.0000,0.0000,0.0000,0.0000,0.0000,0.0000,0.0000,0.0000,0.0000,0.0000,0.0000,0.0000,0.0000,0.0000,0.0000,0.0000,0.0000,0.0000,0.0000,0.0000,0.0000,0.0000,0.0000,0.0000,0.0000,0.0000,0.0000,0.0000,0.0000,0.0000,0.0000,0.0000,0.0000
1.0000,0.0000,0.0000,0.0000,0.0000,0.0000,0.0000,0.0000,0.0000,0.0000,0.0000,0.0000,0.0000,0.0000,0.0000,0.0000,0.0000,0.0000,0.0000,0.0000,0.0000,0.0000,0.0000,0.0000,0.0000,0.0000,0.0000,0.0000,0.0000,0.0000,0.0000,0.0000,0.0000,0.0000,0.0000,0.0000,0.0000,0.0000,0.0000,0.0000,0.0000,0.0000,0.0000,0.0000,0.0000,0.0000,0.0000,0.0000,0.0000,0.0000,0.0000,0.0000
1.0000,0.0000,0.0000,0.0000,0.0000,0.0000,0.0000,0.0000,0.0000,0.0000,0.0000,0.0000,0.0000,0.0000,0.0000,0.0000,0.0000,0.0000,0.0000,0.0000,0.0000,0.0000,0.0000,0.0000,0.0000,0.0000,0.0000,0.0000,0.0000,0.0000,0.0000,0.0000,0.0000,0.0000,0.0000,0.0000,0.0000,0.0000,0.0000,0.0000,0.0000,0.0000,0.0000,0.0000,0.0000,0.0000,0.0000,0.0000,0.0000,0.0000,0.0000,0.0000
1.0000,0.0000,0.0000,0.0000,0.0000,0.0000,0.0000,0.0000,0.0000,0.0000,0.0000,0.0000,0.0000,0.0000,0.0000,0.0000,0.0000,0.0000,0.0000,0.0000,0.0000,0.0000,0.0000,0.0000,0.0000,0.0000,0.0000,0.0000,0.0000,0.0000,0.0000,0.0000,0.0000,0.0000,0.0000,0.0000,0.0000,0.0000,0.0000,0.0000,0.0000,0.0000,0.0000,0.0000,0.0000,0.0000,0.0000,0.0000,0.0000,0.0000,0.0000,0.0000
1.0000,0.0000,0.0000,0.0000,0.0000,0.0000,0.0000,0.0000,0.0000,0.0000,0.0000,0.0000,0.0000,0.0000,0.0000,0.0000,0.0000,0.0000,0.0000,0.0000,0.0000,0.0000,0.0000,0.0000,0.0000,0.0000,0.0000,0.0000,0.0000,0.0000,0.0000,0.0000,0.0000,0.0000,0.0000,0.0000,0.0000,0.0000,0.0000,0.0000,0.0000,0.0000,0.0000,0.0000,0.0000,0.0000,0.0000,0.0000,0.0000,0.0000,0.0000,0.0000
1.0000,0.0000,0.0000,0.0000,0.0000,0.0000,0.0000,0.0000,0.0000,0.0000,0.0000,0.0000,0.0000,0.0000,0.0000,0.0000,0.0000,0.0000,0.0000,0.0000,0.0000,0.0000,0.0000,0.0000,0.0000,0.0000,0.0000,0.0000,0.0000,0.0000,0.0000,0.0000,0.0000,0.0000,0.0000,0.0000,0.0000,0.0000,0.0000,0.0000,0.0000,0.0000,0.0000,0.0000,0.0000,0.0000,0.0000,0.0000,0.0000,0.0000,0.0000,0.0000
1.0000,0.0000,0.0000,0.0000,0.0000,0.0000,0.0000,0.0000,0.0000,0.0000,0.0000,0.0000,0.0000,0.0000,0.0000,0.0000,0.0000,0.0000,0.0000,0.0000,0.0000,0.0000,0.0000,0.0000,0.0000,0.0000,0.0000,0.0000,0.0000,0.0000,0.0000,0.0000,0.0000,0.0000,0.0000,0.0000,0.0000,0.0000,0.0000,0.0000,0.0000,0.0000,0.0000,0.0000,0.0000,0.0000,0.0000,0.0000,0.0000,0.0000,0.0000,0.0000
1.0000,0.0000,0.0000,0.0000,0.0000,0.0000,0.0000,0.0000,0.0000,0.0000,0.0000,0.0000,0.0000,0.0000,0.0000,0.0000,0.0000,0.0000,0.0000,0.0000,0.0000,0.0000,0.0000,0.0000,0.0000,0.0000,0.0000,0.0000,0.0000,0.0000,0.0000,0.0000,0.0000,0.0000,0.0000,0.0000,0.0000,0.0000,0.0000,0.0000,0.0000,0.0000,0.0000,0.0000,0.0000,0.0000,0.0000,0.0000,0.0000,0.0000,0.0000,0.0000
1.0000,0.0000,0.0000,0.0000,0.0000,0.0000,0.0000,0.0000,0.0000,0.0000,0.0000,0.0000,0.0000,0.0000,0.0000,0.0000,0.0000,0.0000,0.0000,0.0000,0.0000,0.0000,0.0000,0.0000,0.0000,0.0000,0.0000,0.0000,0.0000,0.0000,0.0000,0.0000,0.0000,0.0000,0.0000,0.0000,0.0000,0.0000,0.0000,0.0000,0.0000,0.0000,0.0000,0.0000,0.0000,0.0000,0.0000,0.0000,0.0000,0.0000,0.0000,0.0000
1.0000,0.0000,0.0000,0.0000,0.0000,0.0000,0.0000,0.0000,0.0000,0.0000,0.0000,0.0000,0.0000,0.0000,0.0000,0.0000,0.0000,0.0000,0.0000,0.0000,0.0000,0.0000,0.0000,0.0000,0.0000,0.0000,0.0000,0.0000,0.0000,0.0000,0.0000,0.0000,0.0000,0.0000,0.0000,0.0000,0.0000,0.0000,0.0000,0.0000,0.0000,0.0000,0.0000,0.0000,0.0000,0.0000,0.0000,0.0000,0.0000,0.0000,0.0000,0.0000
1.0000,0.0000,0.0000,0.0000,0.0000,0.0000,0.0000,0.0000,0.0000,0.0000,0.0000,0.0000,0.0000,0.0000,0.0000,0.0000,0.0000,0.0000,0.0000,0.0000,0.0000,0.0000,0.0000,0.0000,0.0000,0.0000,0.0000,0.0000,0.0000,0.0000,0.0000,0.0000,0.0000,0.0000,0.0000,0.0000,0.0000,0.0000,0.0000,0.0000,0.0000,0.0000,0.0000,0.0000,0.0000,0.0000,0.0000,0.0000,0.0000,0.0000,0.0000,0.0000
1.0000,0.0000,0.0000,0.0000,0.0000,0.0000,0.0000,0.0000,0.0000,0.0000,0.0000,0.0000,0.0000,0.0000,0.0000,0.0000,0.0000,0.0000,0.0000,0.0000,0.0000,0.0000,0.0000,0.0000,0.0000,0.0000,0.0000,0.0000,0.0000,0.0000,0.0000,0.0000,0.0000,0.0000,0.0000,0.0000,0.0000,0.0000,0.0000,0.0000,0.0000,0.0000,0.0000,0.0000,0.0000,0.0000,0.0000,0.0000,0.0000,0.0000,0.0000,0.0000
1.0000,0.0000,0.0000,0.0000,0.0000,0.0000,0.0000,0.0000,0.0000,0.0000,0.0000,0.0000,0.0000,0.0000,0.0000,0.0000,0.0000,0.0000,0.0000,0.0000,0.0000,0.0000,0.0000,0.0000,0.0000,0.0000,0.0000,0.0000,0.0000,0.0000,0.0000,0.0000,0.0000,0.0000,0.0000,0.0000,0.0000,0.0000,0.0000,0.0000,0.0000,0.0000,0.0000,0.0000,0.0000,0.0000,0.0000,0.0000,0.0000,0.0000,0.0000,0.0000
1.0000,0.0000,0.0000,0.0000,0.0000,0.0000,0.0000,0.0000,0.0000,0.0000,0.0000,0.0000,0.0000,0.0000,0.0000,0.0000,0.0000,0.0000,0.0000,0.0000,0.0000,0.0000,0.0000,0.0000,0.0000,0.0000,0.0000,0.0000,0.0000,0.0000,0.0000,0.0000,0.0000,0.0000,0.0000,0.0000,0.0000,0.0000,0.0000,0.0000,0.0000,0.0000,0.0000,0.0000,0.0000,0.0000,0.0000,0.0000,0.0000,0.0000,0.0000,0.0000
1.0000,0.0000,0.0000,0.0000,0.0000,0.0000,0.0000,0.0000,0.0000,0.0000,0.0000,0.0000,0.0000,0.0000,0.0000,0.0000,0.0000,0.0000,0.0000,0.0000,0.0000,0.0000,0.0000,0.0000,0.0000,0.0000,0.0000,0.0000,0.0000,0.0000,0.0000,0.0000,0.0000,0.0000,0.0000,0.0000,0.0000,0.0000,0.0000,0.0000,0.0000,0.0000,0.0000,0.0000,0.0000,0.0000,0.0000,0.0000,0.0000,0.0000,0.0000,0.0000
1.0000,0.0000,0.0000,0.0000,0.0000,0.0000,0.0000,0.0000,0.0000,0.0000,0.0000,0.0000,0.0000,0.0000,0.0000,0.0000,0.0000,0.0000,0.0000,0.0000,0.0000,0.0000,0.0000,0.0000,0.0000,0.0000,0.0000,0.0000,0.0000,0.0000,0.0000,0.0000,0.0000,0.0000,0.0000,0.0000,0.0000,0.0000,0.0000,0.0000,0.0000,0.0000,0.0000,0.0000,0.0000,0.0000,0.0000,0.0000,0.0000,0.0000,0.0000,0.0000
1.0000,0.0000,0.0000,0.0000,0.0000,0.0000,0.0000,0.0000,0.0000,0.0000,0.0000,0.0000,0.0000,0.0000,0.0000,0.0000,0.0000,0.0000,0.0000,0.0000,0.0000,0.0000,0.0000,0.0000,0.0000,0.0000,0.0000,0.0000,0.0000,0.0000,0.0000,0.0000,0.0000,0.0000,0.0000,0.0000,0.0000,0.0000,0.0000,0.0000,0.0000,0.0000,0.0000,0.0000,0.0000,0.0000,0.0000,0.0000,0.0000,0.0000,0.0000,0.0000
1.0000,0.0000,0.0000,0.0000,0.0000,0.0000,0.0000,0.0000,0.0000,0.0000,0.0000,0.0000,0.0000,0.0000,0.0000,0.0000,0.0000,0.0000,0.0000,0.0000,0.0000,0.0000,0.0000,0.0000,0.0000,0.0000,0.0000,0.0000,0.0000,0.0000,0.0000,0.0000,0.0000,0.0000,0.0000,0.0000,0.0000,0.0000,0.0000,0.0000,0.0000,0.0000,0.0000,0.0000,0.0000,0.0000,0.0000,0.0000,0.0000,0.0000,0.0000,0.0000
1.0000,0.0000,0.0000,0.0000,0.0000,0.0000,0.0000,0.0000,0.0000,0.0000,0.0000,0.0000,0.0000,0.0000,0.0000,0.0000,0.0000,0.0000,0.0000,0.0000,0.0000,0.0000,0.0000,0.0000,0.0000,0.0000,0.0000,0.0000,0.0000,0.0000,0.0000,0.0000,0.0000,0.0000,0.0000,0.0000,0.0000,0.0000,0.0000,0.0000,0.0000,0.0000,0.0000,0.0000,0.0000,0.0000,0.0000,0.0000,0.0000,0.0000,0.0000,0.0000
1.0000,0.0000,0.0000,0.0000,0.0000,0.0000,0.0000,0.0000,0.0000,0.0000,0.0000,0.0000,0.0000,0.0000,0.0000,0.0000,0.0000,0.0000,0.0000,0.0000,0.0000,0.0000,0.0000,0.0000,0.0000,0.0000,0.0000,0.0000,0.0000,0.0000,0.0000,0.0000,0.0000,0.0000,0.0000,0.0000,0.0000,0.0000,0.0000,0.0000,0.0000,0.0000,0.0000,0.0000,0.0000,0.0000,0.0000,0.0000,0.0000,0.0000,0.0000,0.0000
1.0000,0.0000,0.0000,0.0000,0.0000,0.0000,0.0000,0.0000,0.0000,0.0000,0.0000,0.0000,0.0000,0.0000,0.0000,0.0000,0.0000,0.0000,0.0000,0.0000,0.0000,0.0000,0.0000,0.0000,0.0000,0.0000,0.0000,0.0000,0.0000,0.0000,0.0000,0.0000,0.0000,0.0000,0.0000,0.0000,0.0000,0.0000,0.0000,0.0000,0.0000,0.0000,0.0000,0.0000,0.0000,0.0000,0.0000,0.0000,0.0000,0.0000,0.0000,0.0000
1.0000,0.0000,0.0000,0.0000,0.0000,0.0000,0.0000,0.0000,0.0000,0.0000,0.0000,0.0000,0.0000,0.0000,0.0000,0.0000,0.0000,0.0000,0.0000,0.0000,0.0000,0.0000,0.0000,0.0000,0.0000,0.0000,0.0000,0.0000,0.0000,0.0000,0.0000,0.0000,0.0000,0.0000,0.0000,0.0000,0.0000,0.0000,0.0000,0.0000,0.0000,0.0000,0.0000,0.0000,0.0000,0.0000,0.0000,0.0000,0.0000,0.0000,0.0000,0.0000
1.0000,0.0000,0.0000,0.0000,0.0000,0.0000,0.0000,0.0000,0.0000,0.0000,0.0000,0.0000,0.0000,0.0000,0.0000,0.0000,0.0000,0.0000,0.0000,0.0000,0.0000,0.0000,0.0000,0.0000,0.0000,0.0000,0.0000,0.0000,0.0000,0.0000,0.0000,0.0000,0.0000,0.0000,0.0000,0.0000,0.0000,0.0000,0.0000,0.0000,0.0000,0.0000,0.0000,0.0000,0.0000,0.0000,0.0000,0.0000,0.0000,0.0000,0.0000,0.0000
1.0000,0.0000,0.0000,0.0000,0.0000,0.0000,0.0000,0.0000,0.0000,0.0000,0.0000,0.0000,0.0000,0.0000,0.0000,0.0000,0.0000,0.0000,0.0000,0.0000,0.0000,0.0000,0.0000,0.0000,0.0000,0.0000,0.0000,0.0000,0.0000,0.0000,0.0000,0.0000,0.0000,0.0000,0.0000,0.0000,0.0000,0.0000,0.0000,0.0000,0.0000,0.0000,0.0000,0.0000,0.0000,0.0000,0.0000,0.0000,0.0000,0.0000,0.0000,0.0000
1.0000,0.0000,0.0000,0.0000,0.0000,0.0000,0.0000,0.0000,0.0000,0.0000,0.0000,0.0000,0.0000,0.0000,0.0000,0.0000,0.0000,0.0000,0.0000,0.0000,0.0000,0.0000,0.0000,0.0000,0.0000,0.0000,0.0000,0.0000,0.0000,0.0000,0.0000,0.0000,0.0000,0.0000,0.0000,0.0000,0.0000,0.0000,0.0000,0.0000,0.0000,0.0000,0.0000,0.0000,0.0000,0.0000,0.0000,0.0000,0.0000,0.0000,0.0000,0.0000
1.0000,0.0000,0.0000,0.0000,0.0000,0.0000,0.0000,0.0000,0.0000,0.0000,0.0000,0.0000,0.0000,0.0000,0.0000,0.0000,0.0000,0.0000,0.0000,0.0000,0.0000,0.0000,0.0000,0.0000,0.0000,0.0000,0.0000,0.0000,0.0000,0.0000,0.0000,0.0000,0.0000,0.0000,0.0000,0.0000,0.0000,0.0000,0.0000,0.0000,0.0000,0.0000,0.0000,0.0000,0.0000,0.0000,0.0000,0.0000,0.0000,0.0000,0.0000,0.0000
1.0000,0.0000,0.0000,0.0000,0.0000,0.0000,0.0000,0.0000,0.0000,0.0000,0.0000,0.0000,0.0000,0.0000,0.0000,0.0000,0.0000,0.0000,0.0000,0.0000,0.0000,0.0000,0.0000,0.0000,0.0000,0.0000,0.0000,0.0000,0.0000,0.0000,0.0000,0.0000,0.0000,0.0000,0.0000,0.0000,0.0000,0.0000,0.0000,0.0000,0.0000,0.0000,0.0000,0.0000,0.0000,0.0000,0.0000,0.0000,0.0000,0.0000,0.0000,0.0000
1.0000,0.0000,0.0000,0.0000,0.0000,0.0000,0.0000,0.0000,0.0000,0.0000,0.0000,0.0000,0.0000,0.0000,0.0000,0.0000,0.0000,0.0000,0.0000,0.0000,0.0000,0.0000,0.0000,0.0000,0.0000,0.0000,0.0000,0.0000,0.0000,0.0000,0.0000,0.0000,0.0000,0.0000,0.0000,0.0000,0.0000,0.0000,0.0000,0.0000,0.0000,0.0000,0.0000,0.0000,0.0000,0.0000,0.0000,0.0000,0.0000,0.0000,0.0000,0.0000
1.0000,0.0000,0.0000,0.0000,0.0000,0.0000,0.0000,0.0000,0.0000,0.0000,0.0000,0.0000,0.0000,0.0000,0.0000,0.0000,0.0000,0.0000,0.0000,0.0000,0.0000,0.0000,0.0000,0.0000,0.0000,0.0000,0.0000,0.0000,0.0000,0.0000,0.0000,0.0000,0.0000,0.0000,0.0000,0.0000,0.0000,0.0000,0.0000,0.0000,0.0000,0.0000,0.0000,0.0000,0.0000,0.0000,0.0000,0.0000,0.0000,0.0000,0.0000,0.0000
1.0000,0.0000,0.0000,0.0000,0.0000,0.0000,0.0000,0.0000,0.0000,0.0000,0.0000,0.0000,0.0000,0.0000,0.0000,0.0000,0.0000,0.0000,0.0000,0.0000,0.0000,0.0000,0.0000,0.0000,0.0000,0.0000,0.0000,0.0000,0.0000,0.0000,0.0000,0.0000,0.0000,0.0000,0.0000,0.0000,0.0000,0.0000,0.0000,0.0000,0.0000,0.0000,0.0000,0.0000,0.0000,0.0000,0.0000,0.0000,0.0000,0.0000,0.0000,0.0000
1.0000,0.0000,0.0000,0.0000,0.0000,0.0000,0.0000,0.0000,0.0000,0.0000,0.0000,0.0000,0.0000,0.0000,0.0000,0.0000,0.0000,0.0000,0.0000,0.0000,0.0000,0.0000,0.0000,0.0000,0.0000,0.0000,0.0000,0.0000,0.0000,0.0000,0.0000,0.0000,0.0000,0.0000,0.0000,0.0000,0.0000,0.0000,0.0000,0.0000,0.0000,0.0000,0.0000,0.0000,0.0000,0.0000,0.0000,0.0000,0.0000,0.0000,0.0000,0.0000
1.0000,0.0000,0.0000,0.0000,0.0000,0.0000,0.0000,0.0000,0.0000,0.0000,0.0000,0.0000,0.0000,0.0000,0.0000,0.0000,0.0000,0.0000,0.0000,0.0000,0.0000,0.0000,0.0000,0.0000,0.0000,0.0000,0.0000,0.0000,0.0000,0.0000,0.0000,0.0000,0.0000,0.0000,0.0000,0.0000,0.0000,0.0000,0.0000,0.0000,0.0000,0.0000,0.0000,0.0000,0.0000,0.0000,0.0000,0.0000,0.0000,0.0000,0.0000,0.0000
1.0000,0.0000,0.0000,0.0000,0.0000,0.0000,0.0000,0.0000,0.0000,0.0000,0.0000,0.0000,0.0000,0.0000,0.0000,0.0000,0.0000,0.0000,0.0000,0.0000,0.0000,0.0000,0.0000,0.0000,0.0000,0.0000,0.0000,0.0000,0.0000,0.0000,0.0000,0.0000,0.0000,0.0000,0.0000,0.0000,0.0000,0.0000,0.0000,0.0000,0.0000,0.0000,0.0000,0.0000,0.0000,0.0000,0.0000,0.0000,0.0000,0.0000,0.0000,0.0000
1.0000,0.0000,0.0000,0.0000,0.0000,0.0000,0.0000,0.0000,0.0000,0.0000,0.0000,0.0000,0.0000,0.0000,0.0000,0.0000,0.0000,0.0000,0.0000,0.0000,0.0000,0.0000,0.0000,0.0000,0.0000,0.0000,0.0000,0.0000,0.0000,0.0000,0.0000,0.0000,0.0000,0.0000,0.0000,0.0000,0.0000,0.0000,0.0000,0.0000,0.0000,0.0000,0.0000,0.0000,0.0000,0.0000,0.0000,0.0000,0.0000,0.0000,0.0000,0.0000
1.0000,0.0000,0.0000,0.0000,0.0000,0.0000,0.0000,0.0000,0.0000,0.0000,0.0000,0.0000,0.0000,0.0000,0.0000,0.0000,0.0000,0.0000,0.0000,0.0000,0.0000,0.0000,0.0000,0.0000,0.0000,0.0000,0.0000,0.0000,0.0000,0.0000,0.0000,0.0000,0.0000,0.0000,0.0000,0.0000,0.0000,0.0000,0.0000,0.0000,0.0000,0.0000,0.0000,0.0000,0.0000,0.0000,0.0000,0.0000,0.0000,0.0000,0.0000,0.0000
1.0000,0.0000,0.0000,0.0000,0.0000,0.0000,0.0000,0.0000,0.0000,0.0000,0.0000,0.0000,0.0000,0.0000,0.0000,0.0000,0.0000,0.0000,0.0000,0.0000,0.0000,0.0000,0.0000,0.0000,0.0000,0.0000,0.0000,0.0000,0.0000,0.0000,0.0000,0.0000,0.0000,0.0000,0.0000,0.0000,0.0000,0.0000,0.0000,0.0000,0.0000,0.0000,0.0000,0.0000,0.0000,0.0000,0.0000,0.0000,0.0000,0.0000,0.0000,0.0000
1.0000,0.0000,0.0000,0.0000,0.0000,0.0000,0.0000,0.0000,0.0000,0.0000,0.0000,0.0000,0.0000,0.0000,0.0000,0.0000,0.0000,0.0000,0.0000,0.0000,0.0000,0.0000,0.0000,0.0000,0.0000,0.0000,0.0000,0.0000,0.0000,0.0000,0.0000,0.0000,0.0000,0.0000,0.0000,0.0000,0.0000,0.0000,0.0000,0.0000,0.0000,0.0000,0.0000,0.0000,0.0000,0.0000,0.0000,0.0000,0.0000,0.0000,0.0000,0.0000
1.0000,0.0000,0.0000,0.0000,0.0000,0.0000,0.0000,0.0000,0.0000,0.0000,0.0000,0.0000,0.0000,0.0000,0.0000,0.0000,0.0000,0.0000,0.0000,0.0000,0.0000,0.0000,0.0000,0.0000,0.0000,0.0000,0.0000,0.0000,0.0000,0.0000,0.0000,0.0000,0.0000,0.0000,0.0000,0.0000,0.0000,0.0000,0.0000,0.0000,0.0000,0.0000,0.0000,0.0000,0.0000,0.0000,0.0000,0.0000,0.0000,0.0000,0.0000,0.0000
1.0000,0.0000,0.0000,0.0000,0.0000,0.0000,0.0000,0.0000,0.0000,0.0000,0.0000,0.0000,0.0000,0.0000,0.0000,0.0000,0.0000,0.0000,0.0000,0.0000,0.0000,0.0000,0.0000,0.0000,0.0000,0.0000,0.0000,0.0000,0.0000,0.0000,0.0000,0.0000,0.0000,0.0000,0.0000,0.0000,0.0000,0.0000,0.0000,0.0000,0.0000,0.0000,0.0000,0.0000,0.0000,0.0000,0.0000,0.0000,0.0000,0.0000,0.0000,0.0000
1.0000,0.0000,0.0000,0.0000,0.0000,0.0000,0.0000,0.0000,0.0000,0.0000,0.0000,0.0000,0.0000,0.0000,0.0000,0.0000,0.0000,0.0000,0.0000,0.0000,0.0000,0.0000,0.0000,0.0000,0.0000,0.0000,0.0000,0.0000,0.0000,0.0000,0.0000,0.0000,0.0000,0.0000,0.0000,0.0000,0.0000,0.0000,0.0000,0.0000,0.0000,0.0000,0.0000,0.0000,0.0000,0.0000,0.0000,0.0000,0.0000,0.0000,0.0000,0.0000
1.0000,0.0000,0.0000,0.0000,0.0000,0.0000,0.0000,0.0000,0.0000,0.0000,0.0000,0.0000,0.0000,0.0000,0.0000,0.0000,0.0000,0.0000,0.0000,0.0000,0.0000,0.0000,0.0000,0.0000,0.0000,0.0000,0.0000,0.0000,0.0000,0.0000,0.0000,0.0000,0.0000,0.0000,0.0000,0.0000,0.0000,0.0000,0.0000,0.0000,0.0000,0.0000,0.0000,0.0000,0.0000,0.0000,0.0000,0.0000,0.0000,0.0000,0.0000,0.0000
1.0000,0.0000,0.0000,0.0000,0.0000,0.0000,0.0000,0.0000,0.0000,0.0000,0.0000,0.0000,0.0000,0.0000,0.0000,0.0000,0.0000,0.0000,0.0000,0.0000,0.0000,0.0000,0.0000,0.0000,0.0000,0.0000,0.0000,0.0000,0.0000,0.0000,0.0000,0.0000,0.0000,0.0000,0.0000,0.0000,0.0000,0.0000,0.0000,0.0000,0.0000,0.0000,0.0000,0.0000,0.0000,0.0000,0.0000,0.0000,0.0000,0.0000,0.0000,0.0000
1.0000,0.0000,0.0000,0.0000,0.0000,0.0000,0.0000,0.0000,0.0000,0.0000,0.0000,0.0000,0.0000,0.0000,0.0000,0.0000,0.0000,0.0000,0.0000,0.0000,0.0000,0.0000,0.0000,0.0000,0.0000,0.0000,0.0000,0.0000,0.0000,0.0000,0.0000,0.0000,0.0000,0.0000,0.0000,0.0000,0.0000,0.0000,0.0000,0.0000,0.0000,0.0000,0.0000,0.0000,0.0000,0.0000,0.0000,0.0000,0.0000,0.0000,0.0000,0.0000
1.0000,0.0000,0.0000,0.0000,0.0000,0.0000,0.0000,0.0000,0.0000,0.0000,0.0000,0.0000,0.0000,0.0000,0.0000,0.0000,0.0000,0.0000,0.0000,0.0000,0.0000,0.0000,0.0000,0.0000,0.0000,0.0000,0.0000,0.0000,0.0000,0.0000,0.0000,0.0000,0.0000,0.0000,0.0000,0.0000,0.0000,0.0000,0.0000,0.0000,0.0000,0.0000,0.0000,0.0000,0.0000,0.0000,0.0000,0.0000,0.0000,0.0000,0.0000,0.0000
1.0000,0.0000,0.0000,0.0000,0.0000,0.0000,0.0000,0.0000,0.0000,0.0000,0.0000,0.0000,0.0000,0.0000,0.0000,0.0000,0.0000,0.0000,0.0000,0.0000,0.0000,0.0000,0.0000,0.0000,0.0000,0.0000,0.0000,0.0000,0.0000,0.0000,0.0000,0.0000,0.0000,0.0000,0.0000,0.0000,0.0000,0.0000,0.0000,0.0000,0.0000,0.0000,0.0000,0.0000,0.0000,0.0000,0.0000,0.0000,0.0000,0.0000,0.0000,0.0000
1.0000,0.0000,0.0000,0.0000,0.0000,0.0000,0.0000,0.0000,0.0000,0.0000,0.0000,0.0000,0.0000,0.0000,0.0000,0.0000,0.0000,0.0000,0.0000,0.0000,0.0000,0.0000,0.0000,0.0000,0.0000,0.0000,0.0000,0.0000,0.0000,0.0000,0.0000,0.0000,0.0000,0.0000,0.0000,0.0000,0.0000,0.0000,0.0000,0.0000,0.0000,0.0000,0.0000,0.0000,0.0000,0.0000,0.0000,0.0000,0.0000,0.0000,0.0000,0.0000
1.0000,0.0000,0.0000,0.0000,0.0000,0.0000,0.0000,0.0000,0.0000,0.0000,0.0000,0.0000,0.0000,0.0000,0.0000,0.0000,0.0000,0.0000,0.0000,0.0000,0.0000,0.0000,0.0000,0.0000,0.0000,0.0000,0.0000,0.0000,0.0000,0.0000,0.0000,0.0000,0.0000,0.0000,0.0000,0.0000,0.0000,0.0000,0.0000,0.0000,0.0000,0.0000,0.0000,0.0000,0.0000,0.0000,0.0000,0.0000,0.0000,0.0000,0.0000,0.0000
1.0000,0.0000,0.0000,0.0000,0.0000,0.0000,0.0000,0.0000,0.0000,0.0000,0.0000,0.0000,0.0000,0.0000,0.0000,0.0000,0.0000,0.0000,0.0000,0.0000,0.0000,0.0000,0.0000,0.0000,0.0000,0.0000,0.0000,0.0000,0.0000,0.0000,0.0000,0.0000,0.0000,0.0000,0.0000,0.0000,0.0000,0.0000,0.0000,0.0000,0.0000,0.0000,0.0000,0.0000,0.0000,0.0000,0.0000,0.0000,0.0000,0.0000,0.0000,0.0000
1.0000,0.0000,0.0000,0.0000,0.0000,0.0000,0.0000,0.0000,0.0000,0.0000,0.0000,0.0000,0.0000,0.0000,0.0000,0.0000,0.0000,0.0000,0.0000,0.0000,0.0000,0.0000,0.0000,0.0000,0.0000,0.0000,0.0000,0.0000,0.0000,0.0000,0.0000,0.0000,0.0000,0.0000,0.0000,0.0000,0.0000,0.0000,0.0000,0.0000,0.0000,0.0000,0.0000,0.0000,0.0000,0.0000,0.0000,0.0000,0.0000,0.0000,0.0000,0.0000
1.0000,0.0000,0.0000,0.0000,0.0000,0.0000,0.0000,0.0000,0.0000,0.0000,0.0000,0.0000,0.0000,0.0000,0.0000,0.0000,0.0000,0.0000,0.0000,0.0000,0.0000,0.0000,0.0000,0.0000,0.0000,0.0000,0.0000,0.0000,0.0000,0.0000,0.0000,0.0000,0.0000,0.0000,0.0000,0.0000,0.0000,0.0000,0.0000,0.0000,0.0000,0.0000,0.0000,0.0000,0.0000,0.0000,0.0000,0.0000,0.0000,0.0000,0.0000,0.0000
1.0000,0.0000,0.0000,0.0000,0.0000,0.0000,0.0000,0.0000,0.0000,0.0000,0.0000,0.0000,0.0000,0.0000,0.0000,0.0000,0.0000,0.0000,0.0000,0.0000,0.0000,0.0000,0.0000,0.0000,0.0000,0.0000,0.0000,0.0000,0.0000,0.0000,0.0000,0.0000,0.0000,0.0000,0.0000,0.0000,0.0000,0.0000,0.0000,0.0000,0.0000,0.0000,0.0000,0.0000,0.0000,0.0000,0.0000,0.0000,0.0000,0.0000,0.0000,0.0000
1.0000,0.0000,0.0000,0.0000,0.0000,0.0000,0.0000,0.0000,0.0000,0.0000,0.0000,0.0000,0.0000,0.0000,0.0000,0.0000,0.0000,0.0000,0.0000,0.0000,0.0000,0.0000,0.0000,0.0000,0.0000,0.0000,0.0000,0.0000,0.0000,0.0000,0.0000,0.0000,0.0000,0.0000,0.0000,0.0000,0.0000,0.0000,0.0000,0.0000,0.0000,0.0000,0.0000,0.0000,0.0000,0.0000,0.0000,0.0000,0.0000,0.0000,0.0000,0.0000
1.0000,0.0000,0.0000,0.0000,0.0000,0.0000,0.0000,0.0000,0.0000,0.0000,0.0000,0.0000,0.0000,0.0000,0.0000,0.0000,0.0000,0.0000,0.0000,0.0000,0.0000,0.0000,0.0000,0.0000,0.0000,0.0000,0.0000,0.0000,0.0000,0.0000,0.0000,0.0000,0.0000,0.0000,0.0000,0.0000,0.0000,0.0000,0.0000,0.0000,0.0000,0.0000,0.0000,0.0000,0.0000,0.0000,0.0000,0.0000,0.0000,0.0000,0.0000,0.0000
1.0000,0.0000,0.0000,0.0000,0.0000,0.0000,0.0000,0.0000,0.0000,0.0000,0.0000,0.0000,0.0000,0.0000,0.0000,0.0000,0.0000,0.0000,0.0000,0.0000,0.0000,0.0000,0.0000,0.0000,0.0000,0.0000,0.0000,0.0000,0.0000,0.0000,0.0000,0.0000,0.0000,0.0000,0.0000,0.0000,0.0000,0.0000,0.0000,0.0000,0.0000,0.0000,0.0000,0.0000,0.0000,0.0000,0.0000,0.0000,0.0000,0.0000,0.0000,0.0000
1.0000,0.0000,0.0000,0.0000,0.0000,0.0000,0.0000,0.0000,0.0000,0.0000,0.0000,0.0000,0.0000,0.0000,0.0000,0.0000,0.0000,0.0000,0.0000,0.0000,0.0000,0.0000,0.0000,0.0000,0.0000,0.0000,0.0000,0.0000,0.0000,0.0000,0.0000,0.0000,0.0000,0.0000,0.0000,0.0000,0.0000,0.0000,0.0000,0.0000,0.0000,0.0000,0.0000,0.0000,0.0000,0.0000,0.0000,0.0000,0.0000,0.0000,0.0000,0.0000
1.0000,0.0000,0.0000,0.0000,0.0000,0.0000,0.0000,0.0000,0.0000,0.0000,0.0000,0.0000,0.0000,0.0000,0.0000,0.0000,0.0000,0.0000,0.0000,0.0000,0.0000,0.0000,0.0000,0.0000,0.0000,0.0000,0.0000,0.0000,0.0000,0.0000,0.0000,0.0000,0.0000,0.0000,0.0000,0.0000,0.0000,0.0000,0.0000,0.0000,0.0000,0.0000,0.0000,0.0000,0.0000,0.0000,0.0000,0.0000,0.0000,0.0000,0.0000,0.0000
1.0000,0.0000,0.0000,0.0000,0.0000,0.0000,0.0000,0.0000,0.0000,0.0000,0.0000,0.0000,0.0000,0.0000,0.0000,0.0000,0.0000,0.0000,0.0000,0.0000,0.0000,0.0000,0.0000,0.0000,0.0000,0.0000,0.0000,0.0000,0.0000,0.0000,0.0000,0.0000,0.0000,0.0000,0.0000,0.0000,0.0000,0.0000,0.0000,0.0000,0.0000,0.0000,0.0000,0.0000,0.0000,0.0000,0.0000,0.0000,0.0000,0.0000,0.0000,0.0000
1.0000,0.0000,0.0000,0.0000,0.0000,0.0000,0.0000,0.0000,0.0000,0.0000,0.0000,0.0000,0.0000,0.0000,0.0000,0.0000,0.0000,0.0000,0.0000,0.0000,0.0000,0.0000,0.0000,0.0000,0.0000,0.0000,0.0000,0.0000,0.0000,0.0000,0.0000,0.0000,0.0000,0.0000,0.0000,0.0000,0.0000,0.0000,0.0000,0.0000,0.0000,0.0000,0.0000,0.0000,0.0000,0.0000,0.0000,0.0000,0.0000,0.0000,0.0000,0.0000
1.0000,0.0000,0.0000,0.0000,0.0000,0.0000,0.0000,0.0000,0.0000,0.0000,0.0000,0.0000,0.0000,0.0000,0.0000,0.0000,0.0000,0.0000,0.0000,0.0000,0.0000,0.0000,0.0000,0.0000,0.0000,0.0000,0.0000,0.0000,0.0000,0.0000,0.0000,0.0000,0.0000,0.0000,0.0000,0.0000,0.0000,0.0000,0.0000,0.0000,0.0000,0.0000,0.0000,0.0000,0.0000,0.0000,0.0000,0.0000,0.0000,0.0000,0.0000,0.0000
1.0000,0.0000,0.0000,0.0000,0.0000,0.0000,0.0000,0.0000,0.0000,0.0000,0.0000,0.0000,0.0000,0.0000,0.0000,0.0000,0.0000,0.0000,0.0000,0.0000,0.0000,0.0000,0.0000,0.0000,0.0000,0.0000,0.0000,0.0000,0.0000,0.0000,0.0000,0.0000,0.0000,0.0000,0.0000,0.0000,0.0000,0.0000,0.0000,0.0000,0.0000,0.0000,0.0000,0.0000,0.0000,0.0000,0.0000,0.0000,0.0000,0.0000,0.0000,0.0000
1.0000,0.0000,0.0000,0.0000,0.0000,0.0000,0.0000,0.0000,0.0000,0.0000,0.0000,0.0000,0.0000,0.0000,0.0000,0.0000,0.0000,0.0000,0.0000,0.0000,0.0000,0.0000,0.0000,0.0000,0.0000,0.0000,0.0000,0.0000,0.0000,0.0000,0.0000,0.0000,0.0000,0.0000,0.0000,0.0000,0.0000,0.0000,0.0000,0.0000,0.0000,0.0000,0.0000,0.0000,0.0000,0.0000,0.0000,0.0000,0.0000,0.0000,0.0000,0.0000
1.0000,0.0000,0.0000,0.0000,0.0000,0.0000,0.0000,0.0000,0.0000,0.0000,0.0000,0.0000,0.0000,0.0000,0.0000,0.0000,0.0000,0.0000,0.0000,0.0000,0.0000,0.0000,0.0000,0.0000,0.0000,0.0000,0.0000,0.0000,0.0000,0.0000,0.0000,0.0000,0.0000,0.0000,0.0000,0.0000,0.0000,0.0000,0.0000,0.0000,0.0000,0.0000,0.0000,0.0000,0.0000,0.0000,0.0000,0.0000,0.0000,0.0000,0.0000,0.0000
1.0000,0.0000,0.0000,0.0000,0.0000,0.0000,0.0000,0.0000,0.0000,0.0000,0.0000,0.0000,0.0000,0.0000,0.0000,0.0000,0.0000,0.0000,0.0000,0.0000,0.0000,0.0000,0.0000,0.0000,0.0000,0.0000,0.0000,0.0000,0.0000,0.0000,0.0000,0.0000,0.0000,0.0000,0.0000,0.0000,0.0000,0.0000,0.0000,0.0000,0.0000,0.0000,0.0000,0.0000,0.0000,0.0000,0.0000,0.0000,0.0000,0.0000,0.0000,0.0000
1.0000,0.0000,0.0000,0.0000,0.0000,0.0000,0.0000,0.0000,0.0000,0.0000,0.0000,0.0000,0.0000,0.0000,0.0000,0.0000,0.0000,0.0000,0.0000,0.0000,0.0000,0.0000,0.0000,0.0000,0.0000,0.0000,0.0000,0.0000,0.0000,0.0000,0.0000,0.0000,0.0000,0.0000,0.0000,0.0000,0.0000,0.0000,0.0000,0.0000,0.0000,0.0000,0.0000,0.0000,0.0000,0.0000,0.0000,0.0000,0.0000,0.0000,0.0000,0.0000
1.0000,0.0000,0.0000,0.0000,0.0000,0.0000,0.0000,0.0000,0.0000,0.0000,0.0000,0.0000,0.0000,0.0000,0.0000,0.0000,0.0000,0.0000,0.0000,0.0000,0.0000,0.0000,0.0000,0.0000,0.0000,0.0000,0.0000,0.0000,0.0000,0.0000,0.0000,0.0000,0.0000,0.0000,0.0000,0.0000,0.0000,0.0000,0.0000,0.0000,0.0000,0.0000,0.0000,0.0000,0.0000,0.0000,0.0000,0.0000,0.0000,0.0000,0.0000,0.0000
1.0000,0.0000,0.0000,0.0000,0.0000,0.0000,0.0000,0.0000,0.0000,0.0000,0.0000,0.0000,0.0000,0.0000,0.0000,0.0000,0.0000,0.0000,0.0000,0.0000,0.0000,0.0000,0.0000,0.0000,0.0000,0.0000,0.0000,0.0000,0.0000,0.0000,0.0000,0.0000,0.0000,0.0000,0.0000,0.0000,0.0000,0.0000,0.0000,0.0000,0.0000,0.0000,0.0000,0.0000,0.0000,0.0000,0.0000,0.0000,0.0000,0.0000,0.0000,0.0000
1.0000,0.0000,0.0000,0.0000,0.0000,0.0000,0.0000,0.0000,0.0000,0.0000,0.0000,0.0000,0.0000,0.0000,0.0000,0.0000,0.0000,0.0000,0.0000,0.0000,0.0000,0.0000,0.0000,0.0000,0.0000,0.0000,0.0000,0.0000,0.0000,0.0000,0.0000,0.0000,0.0000,0.0000,0.0000,0.0000,0.0000,0.0000,0.0000,0.0000,0.0000,0.0000,0.0000,0.0000,0.0000,0.0000,0.0000,0.0000,0.0000,0.0000,0.0000,0.0000
1.0000,0.0000,0.0000,0.0000,0.0000,0.0000,0.0000,0.0000,0.0000,0.0000,0.0000,0.0000,0.0000,0.0000,0.0000,0.0000,0.0000,0.0000,0.0000,0.0000,0.0000,0.0000,0.0000,0.0000,0.0000,0.0000,0.0000,0.0000,0.0000,0.0000,0.0000,0.0000,0.0000,0.0000,0.0000,0.0000,0.0000,0.0000,0.0000,0.0000,0.0000,0.0000,0.0000,0.0000,0.0000,0.0000,0.0000,0.0000,0.0000,0.0000,0.0000,0.0000
1.0000,0.0000,0.0000,0.0000,0.0000,0.0000,0.0000,0.0000,0.0000,0.0000,0.0000,0.0000,0.0000,0.0000,0.0000,0.0000,0.0000,0.0000,0.0000,0.0000,0.0000,0.0000,0.0000,0.0000,0.0000,0.0000,0.0000,0.0000,0.0000,0.0000,0.0000,0.0000,0.0000,0.0000,0.0000,0.0000,0.0000,0.0000,0.0000,0.0000,0.0000,0.0000,0.0000,0.0000,0.0000,0.0000,0.0000,0.0000,0.0000,0.0000,0.0000,0.0000
1.0000,0.0000,0.0000,0.0000,0.0000,0.0000,0.0000,0.0000,0.0000,0.0000,0.0000,0.0000,0.0000,0.0000,0.0000,0.0000,0.0000,0.0000,0.0000,0.0000,0.0000,0.0000,0.0000,0.0000,0.0000,0.0000,0.0000,0.0000,0.0000,0.0000,0.0000,0.0000,0.0000,0.0000,0.0000,0.0000,0.0000,0.0000,0.0000,0.0000,0.0000,0.0000,0.0000,0.0000,0.0000,0.0000,0.0000,0.0000,0.0000,0.0000,0.0000,0.0000
1.0000,0.0000,0.0000,0.0000,0.0000,0.0000,0.0000,0.0000,0.0000,0.0000,0.0000,0.0000,0.0000,0.0000,0.0000,0.0000,0.0000,0.0000,0.0000,0.0000,0.0000,0.0000,0.0000,0.0000,0.0000,0.0000,0.0000,0.0000,0.0000,0.0000,0.0000,0.0000,0.0000,0.0000,0.0000,0.0000,0.0000,0.0000,0.0000,0.0000,0.0000,0.0000,0.0000,0.0000,0.0000,0.0000,0.0000,0.0000,0.0000,0.0000,0.0000,0.0000
1.0000,0.0000,0.0000,0.0000,0.0000,0.0000,0.0000,0.0000,0.0000,0.0000,0.0000,0.0000,0.0000,0.0000,0.0000,0.0000,0.0000,0.0000,0.0000,0.0000,0.0000,0.0000,0.0000,0.0000,0.0000,0.0000,0.0000,0.0000,0.0000,0.0000,0.0000,0.0000,0.0000,0.0000,0.0000,0.0000,0.0000,0.0000,0.0000,0.0000,0.0000,0.0000,0.0000,0.0000,0.0000,0.0000,0.0000,0.0000,0.0000,0.0000,0.0000,0.0000
1.0000,0.0000,0.0000,0.0000,0.0000,0.0000,0.0000,0.0000,0.0000,0.0000,0.0000,0.0000,0.0000,0.0000,0.0000,0.0000,0.0000,0.0000,0.0000,0.0000,0.0000,0.0000,0.0000,0.0000,0.0000,0.0000,0.0000,0.0000,0.0000,0.0000,0.0000,0.0000,0.0000,0.0000,0.0000,0.0000,0.0000,0.0000,0.0000,0.0000,0.0000,0.0000,0.0000,0.0000,0.0000,0.0000,0.0000,0.0000,0.0000,0.0000,0.0000,0.0000
1.0000,0.0000,0.0000,0.0000,0.0000,0.0000,0.0000,0.0000,0.0000,0.0000,0.0000,0.0000,0.0000,0.0000,0.0000,0.0000,0.0000,0.0000,0.0000,0.0000,0.0000,0.0000,0.0000,0.0000,0.0000,0.0000,0.0000,0.0000,0.0000,0.0000,0.0000,0.0000,0.0000,0.0000,0.0000,0.0000,0.0000,0.0000,0.0000,0.0000,0.0000,0.0000,0.0000,0.0000,0.0000,0.0000,0.0000,0.0000,0.0000,0.0000,0.0000,0.0000
1.0000,0.0000,0.0000,0.0000,0.0000,0.0000,0.0000,0.0000,0.0000,0.0000,0.0000,0.0000,0.0000,0.0000,0.0000,0.0000,0.0000,0.0000,0.0000,0.0000,0.0000,0.0000,0.0000,0.0000,0.0000,0.0000,0.0000,0.0000,0.0000,0.0000,0.0000,0.0000,0.0000,0.0000,0.0000,0.0000,0.0000,0.0000,0.0000,0.0000,0.0000,0.0000,0.0000,0.0000,0.0000,0.0000,0.0000,0.0000,0.0000,0.0000,0.0000,0.0000
1.0000,0.0000,0.0000,0.0000,0.0000,0.0000,0.0000,0.0000,0.0000,0.0000,0.0000,0.0000,0.0000,0.0000,0.0000,0.0000,0.0000,0.0000,0.0000,0.0000,0.0000,0.0000,0.0000,0.0000,0.0000,0.0000,0.0000,0.0000,0.0000,0.0000,0.0000,0.0000,0.0000,0.0000,0.0000,0.0000,0.0000,0.0000,0.0000,0.0000,0.0000,0.0000,0.0000,0.0000,0.0000,0.0000,0.0000,0.0000,0.0000,0.0000,0.0000,0.0000
1.0000,0.0000,0.0000,0.0000,0.0000,0.0000,0.0000,0.0000,0.0000,0.0000,0.0000,0.0000,0.0000,0.0000,0.0000,0.0000,0.0000,0.0000,0.0000,0.0000,0.0000,0.0000,0.0000,0.0000,0.0000,0.0000,0.0000,0.0000,0.0000,0.0000,0.0000,0.0000,0.0000,0.0000,0.0000,0.0000,0.0000,0.0000,0.0000,0.0000,0.0000,0.0000,0.0000,0.0000,0.0000,0.0000,0.0000,0.0000,0.0000,0.0000,0.0000,0.0000
1.0000,0.0000,0.0000,0.0000,0.0000,0.0000,0.0000,0.0000,0.0000,0.0000,0.0000,0.0000,0.0000,0.0000,0.0000,0.0000,0.0000,0.0000,0.0000,0.0000,0.0000,0.0000,0.0000,0.0000,0.0000,0.0000,0.0000,0.0000,0.0000,0.0000,0.0000,0.0000,0.0000,0.0000,0.0000,0.0000,0.0000,0.0000,0.0000,0.0000,0.0000,0.0000,0.0000,0.0000,0.0000,0.0000,0.0000,0.0000,0.0000,0.0000,0.0000,0.0000
1.0000,0.0000,0.0000,0.0000,0.0000,0.0000,0.0000,0.0000,0.0000,0.0000,0.0000,0.0000,0.0000,0.0000,0.0000,0.0000,0.0000,0.0000,0.0000,0.0000,0.0000,0.0000,0.0000,0.0000,0.0000,0.0000,0.0000,0.0000,0.0000,0.0000,0.0000,0.0000,0.0000,0.0000,0.0000,0.0000,0.0000,0.0000,0.0000,0.0000,0.0000,0.0000,0.0000,0.0000,0.0000,0.0000,0.0000,0.0000,0.0000,0.0000,0.0000,0.0000
1.0000,0.0000,0.0000,0.0000,0.0000,0.0000,0.0000,0.0000,0.0000,0.0000,0.0000,0.0000,0.0000,0.0000,0.0000,0.0000,0.0000,0.0000,0.0000,0.0000,0.0000,0.0000,0.0000,0.0000,0.0000,0.0000,0.0000,0.0000,0.0000,0.0000,0.0000,0.0000,0.0000,0.0000,0.0000,0.0000,0.0000,0.0000,0.0000,0.0000,0.0000,0.0000,0.0000,0.0000,0.0000,0.0000,0.0000,0.0000,0.0000,0.0000,0.0000,0.0000
1.0000,0.0000,0.0000,0.0000,0.0000,0.0000,0.0000,0.0000,0.0000,0.0000,0.0000,0.0000,0.0000,0.0000,0.0000,0.0000,0.0000,0.0000,0.0000,0.0000,0.0000,0.0000,0.0000,0.0000,0.0000,0.0000,0.0000,0.0000,0.0000,0.0000,0.0000,0.0000,0.0000,0.0000,0.0000,0.0000,0.0000,0.0000,0.0000,0.0000,0.0000,0.0000,0.0000,0.0000,0.0000,0.0000,0.0000,0.0000,0.0000,0.0000,0.0000,0.0000
1.0000,0.0000,0.0000,0.0000,0.0000,0.0000,0.0000,0.0000,0.0000,0.0000,0.0000,0.0000,0.0000,0.0000,0.0000,0.0000,0.0000,0.0000,0.0000,0.0000,0.0000,0.0000,0.0000,0.0000,0.0000,0.0000,0.0000,0.0000,0.0000,0.0000,0.0000,0.0000,0.0000,0.0000,0.0000,0.0000,0.0000,0.0000,0.0000,0.0000,0.0000,0.0000,0.0000,0.0000,0.0000,0.0000,0.0000,0.0000,0.0000,0.0000,0.0000,0.0000
1.0000,0.0000,0.0000,0.0000,0.0000,0.0000,0.0000,0.0000,0.0000,0.0000,0.0000,0.0000,0.0000,0.0000,0.0000,0.0000,0.0000,0.0000,0.0000,0.0000,0.0000,0.0000,0.0000,0.0000,0.0000,0.0000,0.0000,0.0000,0.0000,0.0000,0.0000,0.0000,0.0000,0.0000,0.0000,0.0000,0.0000,0.0000,0.0000,0.0000,0.0000,0.0000,0.0000,0.0000,0.0000,0.0000,0.0000,0.0000,0.0000,0.0000,0.0000,0.0000
1.0000,0.0000,0.0000,0.0000,0.0000,0.0000,0.0000,0.0000,0.0000,0.0000,0.0000,0.0000,0.0000,0.0000,0.0000,0.0000,0.0000,0.0000,0.0000,0.0000,0.0000,0.0000,0.0000,0.0000,0.0000,0.0000,0.0000,0.0000,0.0000,0.0000,0.0000,0.0000,0.0000,0.0000,0.0000,0.0000,0.0000,0.0000,0.0000,0.0000,0.0000,0.0000,0.0000,0.0000,0.0000,0.0000,0.0000,0.0000,0.0000,0.0000,0.0000,0.0000
1.0000,0.0000,0.0000,0.0000,0.0000,0.0000,0.0000,0.0000,0.0000,0.0000,0.0000,0.0000,0.0000,0.0000,0.0000,0.0000,0.0000,0.0000,0.0000,0.0000,0.0000,0.0000,0.0000,0.0000,0.0000,0.0000,0.0000,0.0000,0.0000,0.0000,0.0000,0.0000,0.0000,0.0000,0.0000,0.0000,0.0000,0.0000,0.0000,0.0000,0.0000,0.0000,0.0000,0.0000,0.0000,0.0000,0.0000,0.0000,0.0000,0.0000,0.0000,0.0000
1.0000,0.0000,0.0000,0.0000,0.0000,0.0000,0.0000,0.0000,0.0000,0.0000,0.0000,0.0000,0.0000,0.0000,0.0000,0.0000,0.0000,0.0000,0.0000,0.0000,0.0000,0.0000,0.0000,0.0000,0.0000,0.0000,0.0000,0.0000,0.0000,0.0000,0.0000,0.0000,0.0000,0.0000,0.0000,0.0000,0.0000,0.0000,0.0000,0.0000,0.0000,0.0000,0.0000,0.0000,0.0000,0.0000,0.0000,0.0000,0.0000,0.0000,0.0000,0.0000
1.0000,0.0000,0.0000,0.0000,0.0000,0.0000,0.0000,0.0000,0.0000,0.0000,0.0000,0.0000,0.0000,0.0000,0.0000,0.0000,0.0000,0.0000,0.0000,0.0000,0.0000,0.0000,0.0000,0.0000,0.0000,0.0000,0.0000,0.0000,0.0000,0.0000,0.0000,0.0000,0.0000,0.0000,0.0000,0.0000,0.0000,0.0000,0.0000,0.0000,0.0000,0.0000,0.0000,0.0000,0.0000,0.0000,0.0000,0.0000,0.0000,0.0000,0.0000,0.0000
1.0000,0.0000,0.0000,0.0000,0.0000,0.0000,0.0000,0.0000,0.0000,0.0000,0.0000,0.0000,0.0000,0.0000,0.0000,0.0000,0.0000,0.0000,0.0000,0.0000,0.0000,0.0000,0.0000,0.0000,0.0000,0.0000,0.0000,0.0000,0.0000,0.0000,0.0000,0.0000,0.0000,0.0000,0.0000,0.0000,0.0000,0.0000,0.0000,0.0000,0.0000,0.0000,0.0000,0.0000,0.0000,0.0000,0.0000,0.0000,0.0000,0.0000,0.0000,0.0000
1.0000,0.0000,0.0000,0.0000,0.0000,0.0000,0.0000,0.0000,0.0000,0.0000,0.0000,0.0000,0.0000,0.0000,0.0000,0.0000,0.0000,0.0000,0.0000,0.0000,0.0000,0.0000,0.0000,0.0000,0.0000,0.0000,0.0000,0.0000,0.0000,0.0000,0.0000,0.0000,0.0000,0.0000,0.0000,0.0000,0.0000,0.0000,0.0000,0.0000,0.0000,0.0000,0.0000,0.0000,0.0000,0.0000,0.0000,0.0000,0.0000,0.0000,0.0000,0.0000
1.0000,0.0000,0.0000,0.0000,0.0000,0.0000,0.0000,0.0000,0.0000,0.0000,0.0000,0.0000,0.0000,0.0000,0.0000,0.0000,0.0000,0.0000,0.0000,0.0000,0.0000,0.0000,0.0000,0.0000,0.0000,0.0000,0.0000,0.0000,0.0000,0.0000,0.0000,0.0000,0.0000,0.0000,0.0000,0.0000,0.0000,0.0000,0.0000,0.0000,0.0000,0.0000,0.0000,0.0000,0.0000,0.0000,0.0000,0.0000,0.0000,0.0000,0.0000,0.0000
1.0000,0.0000,0.0000,0.0000,0.0000,0.0000,0.0000,0.0000,0.0000,0.0000,0.0000,0.0000,0.0000,0.0000,0.0000,0.0000,0.0000,0.0000,0.0000,0.0000,0.0000,0.0000,0.0000,0.0000,0.0000,0.0000,0.0000,0.0000,0.0000,0.0000,0.0000,0.0000,0.0000,0.0000,0.0000,0.0000,0.0000,0.0000,0.0000,0.0000,0.0000,0.0000,0.0000,0.0000,0.0000,0.0000,0.0000,0.0000,0.0000,0.0000,0.0000,0.0000
1.0000,0.0000,0.0000,0.0000,0.0000,0.0000,0.0000,0.0000,0.0000,0.0000,0.0000,0.0000,0.0000,0.0000,0.0000,0.0000,0.0000,0.0000,0.0000,0.0000,0.0000,0.0000,0.0000,0.0000,0.0000,0.0000,0.0000,0.0000,0.0000,0.0000,0.0000,0.0000,0.0000,0.0000,0.0000,0.0000,0.0000,0.0000,0.0000,0.0000,0.0000,0.0000,0.0000,0.0000,0.0000,0.0000,0.0000,0.0000,0.0000,0.0000,0.0000,0.0000
1.0000,0.0000,0.0000,0.0000,0.0000,0.0000,0.0000,0.0000,0.0000,0.0000,0.0000,0.0000,0.0000,0.0000,0.0000,0.0000,0.0000,0.0000,0.0000,0.0000,0.0000,0.0000,0.0000,0.0000,0.0000,0.0000,0.0000,0.0000,0.0000,0.0000,0.0000,0.0000,0.0000,0.0000,0.0000,0.0000,0.0000,0.0000,0.0000,0.0000,0.0000,0.0000,0.0000,0.0000,0.0000,0.0000,0.0000,0.0000,0.0000,0.0000,0.0000,0.0000
1.0000,0.0000,0.0000,0.0000,0.0000,0.0000,0.0000,0.0000,0.0000,0.0000,0.0000,0.0000,0.0000,0.0000,0.0000,0.0000,0.0000,0.0000,0.0000,0.0000,0.0000,0.0000,0.0000,0.0000,0.0000,0.0000,0.0000,0.0000,0.0000,0.0000,0.0000,0.0000,0.0000,0.0000,0.0000,0.0000,0.0000,0.0000,0.0000,0.0000,0.0000,0.0000,0.0000,0.0000,0.0000,0.0000,0.0000,0.0000,0.0000,0.0000,0.0000,0.0000
1.0000,0.0000,0.0000,0.0000,0.0000,0.0000,0.0000,0.0000,0.0000,0.0000,0.0000,0.0000,0.0000,0.0000,0.0000,0.0000,0.0000,0.0000,0.0000,0.0000,0.0000,0.0000,0.0000,0.0000,0.0000,0.0000,0.0000,0.0000,0.0000,0.0000,0.0000,0.0000,0.0000,0.0000,0.0000,0.0000,0.0000,0.0000,0.0000,0.0000,0.0000,0.0000,0.0000,0.0000,0.0000,0.0000,0.0000,0.0000,0.0000,0.0000,0.0000,0.0000
1.0000,0.0000,0.0000,0.0000,0.0000,0.0000,0.0000,0.0000,0.0000,0.0000,0.0000,0.0000,0.0000,0.0000,0.0000,0.0000,0.0000,0.0000,0.0000,0.0000,0.0000,0.0000,0.0000,0.0000,0.0000,0.0000,0.0000,0.0000,0.0000,0.0000,0.0000,0.0000,0.0000,0.0000,0.0000,0.0000,0.0000,0.0000,0.0000,0.0000,0.0000,0.0000,0.0000,0.0000,0.0000,0.0000,0.0000,0.0000,0.0000,0.0000,0.0000,0.0000
1.0000,0.0000,0.0000,0.0000,0.0000,0.0000,0.0000,0.0000,0.0000,0.0000,0.0000,0.0000,0.0000,0.0000,0.0000,0.0000,0.0000,0.0000,0.0000,0.0000,0.0000,0.0000,0.0000,0.0000,0.0000,0.0000,0.0000,0.0000,0.0000,0.0000,0.0000,0.0000,0.0000,0.0000,0.0000,0.0000,0.0000,0.0000,0.0000,0.0000,0.0000,0.0000,0.0000,0.0000,0.0000,0.0000,0.0000,0.0000,0.0000,0.0000,0.0000,0.0000
1.0000,0.0000,0.0000,0.0000,0.0000,0.0000,0.0000,0.0000,0.0000,0.0000,0.0000,0.0000,0.0000,0.0000,0.0000,0.0000,0.0000,0.0000,0.0000,0.0000,0.0000,0.0000,0.0000,0.0000,0.0000,0.0000,0.0000,0.0000,0.0000,0.0000,0.0000,0.0000,0.0000,0.0000,0.0000,0.0000,0.0000,0.0000,0.0000,0.0000,0.0000,0.0000,0.0000,0.0000,0.0000,0.0000,0.0000,0.0000,0.0000,0.0000,0.0000,0.0000
1.0000,0.0000,0.0000,0.0000,0.0000,0.0000,0.0000,0.0000,0.0000,0.0000,0.0000,0.0000,0.0000,0.0000,0.0000,0.0000,0.0000,0.0000,0.0000,0.0000,0.0000,0.0000,0.0000,0.0000,0.0000,0.0000,0.0000,0.0000,0.0000,0.0000,0.0000,0.0000,0.0000,0.0000,0.0000,0.0000,0.0000,0.0000,0.0000,0.0000,0.0000,0.0000,0.0000,0.0000,0.0000,0.0000,0.0000,0.0000,0.0000,0.0000,0.0000,0.0000
1.0000,0.0000,0.0000,0.0000,0.0000,0.0000,0.0000,0.0000,0.0000,0.0000,0.0000,0.0000,0.0000,0.0000,0.0000,0.0000,0.0000,0.0000,0.0000,0.0000,0.0000,0.0000,0.0000,0.0000,0.0000,0.0000,0.0000,0.0000,0.0000,0.0000,0.0000,0.0000,0.0000,0.0000,0.0000,0.0000,0.0000,0.0000,0.0000,0.0000,0.0000,0.0000,0.0000,0.0000,0.0000,0.0000,0.0000,0.0000,0.0000,0.0000,0.0000,0.0000
1.0000,0.0000,0.0000,0.0000,0.0000,0.0000,0.0000,0.0000,0.0000,0.0000,0.0000,0.0000,0.0000,0.0000,0.0000,0.0000,0.0000,0.0000,0.0000,0.0000,0.0000,0.0000,0.0000,0.0000,0.0000,0.0000,0.0000,0.0000,0.0000,0.0000,0.0000,0.0000,0.0000,0.0000,0.0000,0.0000,0.0000,0.0000,0.0000,0.0000,0.0000,0.0000,0.0000,0.0000,0.0000,0.0000,0.0000,0.0000,0.0000,0.0000,0.0000,0.0000
1.0000,0.0000,0.0000,0.0000,0.0000,0.0000,0.0000,0.0000,0.0000,0.0000,0.0000,0.0000,0.0000,0.0000,0.0000,0.0000,0.0000,0.0000,0.0000,0.0000,0.0000,0.0000,0.0000,0.0000,0.0000,0.0000,0.0000,0.0000,0.0000,0.0000,0.0000,0.0000,0.0000,0.0000,0.0000,0.0000,0.0000,0.0000,0.0000,0.0000,0.0000,0.0000,0.0000,0.0000,0.0000,0.0000,0.0000,0.0000,0.0000,0.0000,0.0000,0.0000
1.0000,0.0000,0.0000,0.0000,0.0000,0.0000,0.0000,0.0000,0.0000,0.0000,0.0000,0.0000,0.0000,0.0000,0.0000,0.0000,0.0000,0.0000,0.0000,0.0000,0.0000,0.0000,0.0000,0.0000,0.0000,0.0000,0.0000,0.0000,0.0000,0.0000,0.0000,0.0000,0.0000,0.0000,0.0000,0.0000,0.0000,0.0000,0.0000,0.0000,0.0000,0.0000,0.0000,0.0000,0.0000,0.0000,0.0000,0.0000,0.0000,0.0000,0.0000,0.0000
1.0000,0.0000,0.0000,0.0000,0.0000,0.0000,0.0000,0.0000,0.0000,0.0000,0.0000,0.0000,0.0000,0.0000,0.0000,0.0000,0.0000,0.0000,0.0000,0.0000,0.0000,0.0000,0.0000,0.0000,0.0000,0.0000,0.0000,0.0000,0.0000,0.0000,0.0000,0.0000,0.0000,0.0000,0.0000,0.0000,0.0000,0.0000,0.0000,0.0000,0.0000,0.0000,0.0000,0.0000,0.0000,0.0000,0.0000,0.0000,0.0000,0.0000,0.0000,0.0000
1.0000,0.0000,0.0000,0.0000,0.0000,0.0000,0.0000,0.0000,0.0000,0.0000,0.0000,0.0000,0.0000,0.0000,0.0000,0.0000,0.0000,0.0000,0.0000,0.0000,0.0000,0.0000,0.0000,0.0000,0.0000,0.0000,0.0000,0.0000,0.0000,0.0000,0.0000,0.0000,0.0000,0.0000,0.0000,0.0000,0.0000,0.0000,0.0000,0.0000,0.0000,0.0000,0.0000,0.0000,0.0000,0.0000,0.0000,0.0000,0.0000,0.0000,0.0000,0.0000
1.0000,0.0000,0.0000,0.0000,0.0000,0.0000,0.0000,0.0000,0.0000,0.0000,0.0000,0.0000,0.0000,0.0000,0.0000,0.0000,0.0000,0.0000,0.0000,0.0000,0.0000,0.0000,0.0000,0.0000,0.0000,0.0000,0.0000,0.0000,0.0000,0.0000,0.0000,0.0000,0.0000,0.0000,0.0000,0.0000,0.0000,0.0000,0.0000,0.0000,0.0000,0.0000,0.0000,0.0000,0.0000,0.0000,0.0000,0.0000,0.0000,0.0000,0.0000,0.0000
1.0000,0.0000,0.0000,0.0000,0.0000,0.0000,0.0000,0.0000,0.0000,0.0000,0.0000,0.0000,0.0000,0.0000,0.0000,0.0000,0.0000,0.0000,0.0000,0.0000,0.0000,0.0000,0.0000,0.0000,0.0000,0.0000,0.0000,0.0000,0.0000,0.0000,0.0000,0.0000,0.0000,0.0000,0.0000,0.0000,0.0000,0.0000,0.0000,0.0000,0.0000,0.0000,0.0000,0.0000,0.0000,0.0000,0.0000,0.0000,0.0000,0.0000,0.0000,0.0000
1.0000,0.0000,0.0000,0.0000,0.0000,0.0000,0.0000,0.0000,0.0000,0.0000,0.0000,0.0000,0.0000,0.0000,0.0000,0.0000,0.0000,0.0000,30.0000,30.0000,30.0000,30.0000,30.0000,30.0000,30.0000,30.0000,30.0000,30.0000,30.0000,30.0000,30.0000,30.0000,30.0000,30.0000,30.0000,0.2619,0.9917,0.5204,0.0035,0.0112,0.0543,0.3789,0.7306,0.0818,0.1150,0.3809,0.1386,0.0280,0.0471,0.2011,0.3768,0.2975
1.0000,0.0000,0.0000,1.0000,0.0000,0.0000,0.0000,0.0000,0.0000,0.0000,0.0000,0.0000,0.0000,0.0000,0.0000,0.0000,0.0000,0.0000,30.0000,30.0000,30.0000,30.0000,30.0000,30.0000,30.0000,30.0000,30.0000,30.0000,30.0000,30.0000,30.0000,30.0000,30.0000,30.0000,30.0000,0.7820,0.3684,0.5875,0.0058,0.0863,0.0210,0.3590,0.7976,0.1269,0.3679,0.2665,0.1520,0.0406,0.0692,0.3044,0.9899,0.7330
1.0000,0.0000,0.0000,0.0000,0.0000,0.0000,0.0000,0.0000,0.0000,1.0000,0.0000,0.0000,0.0000,0.0000,0.0000,0.0000,0.0000,0.0000,30.0000,30.0000,30.0000,30.0000,30.0000,30.0000,30.0000,30.0000,30.0000,30.0000,30.0000,30.0000,30.0000,30.0000,30.0000,30.0000,30.0000,0.3487,0.7060,0.9914,0.0274,0.1737,0.0972,0.1509,0.6118,0.1304,0.3191,0.3595,0.1836,0.0493,0.0344,0.2124,0.7865,0.0855
1.0000,0.0000,0.0000,1.0000,0.0000,1.0000,0.0000,0.0000,0.0000,0.0000,0.0000,0.0000,0.0000,1.0000,0.0000,0.0000,0.0000,0.0000,30.0000,30.0000,30.0000,30.0000,30.0000,30.0000,30.0000,30.0000,30.0000,30.0000,30.0000,30.0000,30.0000,30.0000,30.0000,30.0000,30.0000,0.3529,0.0114,0.9963,0.0008,0.5032,0.1167,0.0259,0.0656,0.1223,0.0285,0.1060,0.0579,0.0365,0.0131,0.0976,0.1587,0.0655
1.0000,1.0000,0.0000,0.0000,0.0000,0.0000,0.0000,0.0000,0.0000,0.0000,0.0000,0.0000,0.0000,0.0000,0.0000,0.0000,0.0000,0.0000,30.0000,30.0000,30.0000,30.0000,30.0000,30.0000,30.0000,30.0000,30.0000,30.0000,30.0000,30.0000,30.0000,30.0000,30.0000,30.0000,30.0000,0.6573,0.3352,0.9889,0.0163,0.0349,0.0839,0.7621,0.4491,0.1457,0.0960,0.2870,0.1906,0.0347,0.0336,0.2375,0.6895,0.4149
1.0000,0.0000,0.0000,0.0000,0.0000,0.0000,0.0000,0.0000,0.0000,0.0000,0.0000,0.0000,0.0000,0.0000,0.0000,0.0000,0.0000,0.0000,30.0000,30.0000,30.0000,30.0000,30.0000,30.0000,30.0000,30.0000,30.0000,30.0000,30.0000,30.0000,30.0000,30.0000,30.0000,30.0000,30.0000,0.5625,0.4538,0.6028,0.0214,0.0075,0.0253,0.0913,0.8661,0.1371,0.0951,0.3780,0.1490,0.0348,0.0476,0.2190,0.9896,0.4530
1.0000,0.0000,0.0000,0.0000,0.0000,0.0000,0.0000,0.0000,0.0000,0.0000,0.0000,0.0000,0.0000,0.0000,0.0000,0.0000,0.0000,0.0000,30.0000,30.0000,30.0000,30.0000,30.0000,30.0000,30.0000,30.0000,30.0000,30.0000,30.0000,30.0000,30.0000,30.0000,30.0000,30.0000,30.0000,0.6221,0.4560,0.9869,0.0188,0.0254,0.0347,0.2845,0.4663,0.1752,0.2801,0.2796,0.1995,0.0537,0.0828,0.2578,0.9330,0.4340
1.0000,0.0000,0.0000,0.0000,0.0000,0.0000,0.0000,0.0000,0.0000,0.0000,0.0000,0.0000,0.0000,0.0000,0.0000,0.0000,0.0000,0.0000,30.0000,30.0000,30.0000,30.0000,30.0000,30.0000,30.0000,30.0000,30.0000,30.0000,30.0000,30.0000,30.0000,30.0000,30.0000,30.0000,30.0000,0.5474,0.2310,0.9861,0.0197,0.0047,0.0526,0.1502,0.4013,0.2226,0.1132,0.3789,0.3217,0.0351,0.0247,0.3421,0.9008,0.3485
1.0000,1.0000,0.0000,0.0000,0.0000,0.0000,0.0000,1.0000,0.0000,0.0000,0.0000,0.0000,0.0000,0.0000,0.0000,0.0000,0.0000,0.0000,30.0000,30.0000,30.0000,30.0000,30.0000,30.0000,30.0000,30.0000,30.0000,30.0000,30.0000,30.0000,30.0000,30.0000,30.0000,30.0000,30.0000,0.1997,0.2283,0.9951,0.0064,0.0156,0.0552,0.0558,0.2686,0.1820,0.0496,0.1529,0.1590,0.0165,0.0132,0.1316,0.4071,0.1569
1.0000,0.0000,0.0000,0.0000,0.0000,0.0000,0.0000,0.0000,0.0000,0.0000,0.0000,0.0000,0.0000,0.0000,0.0000,0.0000,0.0000,0.0000,30.0000,30.0000,30.0000,30.0000,30.0000,30.0000,30.0000,30.0000,30.0000,30.0000,30.0000,30.0000,30.0000,30.0000,30.0000,30.0000,30.0000,0.6698,0.2214,0.8628,0.0393,0.0212,0.0541,0.1122,0.4085,0.2297,0.1108,0.1896,0.1154,0.0445,0.0561,0.3467,0.5964,0.9875
1.0000,1.0000,0.0000,0.0000,0.0000,0.0000,0.0000,0.0000,0.0000,0.0000,0.0000,0.0000,0.0000,0.0000,0.0000,0.0000,0.0000,0.0000,30.0000,30.0000,30.0000,30.0000,30.0000,30.0000,30.0000,30.0000,30.0000,30.0000,30.0000,30.0000,30.0000,30.0000,30.0000,30.0000,30.0000,0.4538,0.1567,0.6108,0.0167,0.0303,0.0554,0.1131,0.9922,0.0581,0.1597,0.1291,0.1680,0.0665,0.0970,0.2075,0.5835,0.5198
1.0000,1.0000,0.0000,0.0000,1.0000,0.0000,0.0000,0.0000,0.0000,0.0000,0.0000,0.0000,0.0000,0.0000,0.0000,0.0000,0.0000,0.0000,30.0000,30.0000,30.0000,30.0000,30.0000,30.0000,30.0000,30.0000,30.0000,30.0000,30.0000,30.0000,30.0000,30.0000,30.0000,30.0000,30.0000,0.4866,0.9906,0.6415,0.0078,0.1565,0.0465,0.2596,0.4919,0.1459,0.0356,0.3467,0.1244,0.0350,0.0287,0.2717,0.3899,0.2421
1.0000,1.0000,1.0000,0.0000,0.0000,0.0000,0.0000,0.0000,0.0000,0.0000,0.0000,0.0000,0.0000,0.0000,0.0000,0.0000,0.0000,0.0000,30.0000,30.0000,30.0000,30.0000,30.0000,30.0000,30.0000,30.0000,30.0000,30.0000,30.0000,30.0000,30.0000,30.0000,30.0000,30.0000,30.0000,0.3373,0.1189,0.5886,0.0055,0.6049,0.0490,0.2600,0.6707,0.1069,0.1748,0.2109,0.2107,0.0916,0.0319,0.2703,0.9926,0.3590
1.0000,1.0000,0.0000,0.0000,0.0000,0.0000,0.0000,0.0000,0.0000,0.0000,0.0000,0.0000,0.0000,0.0000,0.0000,0.0000,0.0000,0.0000,30.0000,30.0000,30.0000,30.0000,30.0000,30.0000,30.0000,30.0000,30.0000,30.0000,30.0000,30.0000,30.0000,30.0000,30.0000,30.0000,30.0000,0.5018,0.3599,0.9928,0.0073,0.0850,0.0283,0.0950,0.3792,0.1060,0.1004,0.1739,0.1215,0.0433,0.0565,0.1656,0.5265,0.3353
1.0000,1.0000,0.0000,0.0000,0.0000,0.0000,0.0000,0.0000,0.0000,0.0000,0.0000,0.0000,0.0000,0.0000,0.0000,0.0000,0.0000,0.0000,30.0000,30.0000,30.0000,30.0000,30.0000,30.0000,30.0000,30.0000,30.0000,30.0000,30.0000,30.0000,30.0000,30.0000,30.0000,30.0000,30.0000,0.7653,0.3928,0.8439,0.0134,0.0960,0.1370,0.2484,0.9907,0.2108,0.0959,0.1971,0.1768,0.0332,0.0476,0.2143,0.4478,0.4912
1.0000,0.0000,0.0000,0.0000,0.0000,0.0000,0.0000,0.0000,0.0000,0.0000,0.0000,0.0000,0.0000,0.0000,0.0000,0.0000,0.0000,0.0000,30.0000,30.0000,30.0000,30.0000,30.0000,30.0000,30.0000,30.0000,30.0000,30.0000,30.0000,30.0000,30.0000,30.0000,30.0000,30.0000,30.0000,0.5039,0.4027,0.9888,0.0212,0.0079,0.0642,0.2578,0.3902,0.0916,0.1152,0.3337,0.1402,0.0553,0.0589,0.2637,0.8520,0.8069
1.0000,0.0000,0.0000,0.0000,0.0000,0.0000,0.0000,0.0000,0.0000,0.0000,0.0000,0.0000,0.0000,0.0000,0.0000,0.0000,0.0000,0.0000,30.0000,30.0000,30.0000,30.0000,30.0000,30.0000,30.0000,30.0000,30.0000,30.0000,30.0000,30.0000,30.0000,30.0000,30.0000,30.0000,30.0000,0.1590,0.1117,0.9910,0.0087,0.0313,0.0196,0.0281,0.0688,0.0907,0.0800,0.1740,0.2185,0.0203,0.0276,0.1593,0.6791,0.1499
1.0000,1.0000,0.0000,0.0000,0.0000,0.0000,1.0000,0.0000,0.0000,0.0000,0.0000,0.0000,0.0000,0.0000,0.0000,0.0000,0.0000,0.0000,30.0000,30.0000,30.0000,30.0000,30.0000,30.0000,30.0000,30.0000,30.0000,30.0000,30.0000,30.0000,30.0000,30.0000,30.0000,30.0000,30.0000,0.1577,0.1246,0.9953,0.0025,0.0808,0.0240,0.1256,0.1169,0.0438,0.0412,0.1367,0.0863,0.0161,0.0239,0.1131,0.3271,0.2019
1.0000,0.0000,0.0000,0.0000,0.0000,0.0000,0.0000,0.0000,0.0000,0.0000,0.0000,0.0000,0.0000,0.0000,0.0000,0.0000,0.0000,0.0000,30.0000,30.0000,30.0000,30.0000,30.0000,30.0000,30.0000,30.0000,30.0000,30.0000,30.0000,30.0000,30.0000,30.0000,30.0000,30.0000,30.0000,0.2370,0.1034,0.9950,0.0153,0.0355,0.0740,0.1042,0.2466,0.0329,0.0390,0.1268,0.1195,0.0195,0.0216,0.1235,0.3356,0.0565
1.0000,1.0000,0.0000,0.0000,0.0000,0.0000,0.0000,0.0000,0.0000,0.0000,0.0000,0.0000,0.0000,0.0000,0.0000,0.0000,0.0000,0.0000,30.0000,30.0000,30.0000,30.0000,30.0000,30.0000,30.0000,30.0000,30.0000,30.0000,30.0000,30.0000,30.0000,30.0000,30.0000,30.0000,30.0000,0.1992,0.3138,0.6604,0.0014,0.0150,0.0283,0.0477,0.1097,0.0431,0.0596,0.0990,0.3355,0.0200,0.0150,0.1990,0.9932,0.1881
1.0000,0.0000,0.0000,0.0000,0.0000,0.0000,0.0000,0.0000,0.0000,0.0000,0.0000,0.0000,0.0000,0.0000,0.0000,0.0000,0.0000,0.0000,30.0000,30.0000,30.0000,30.0000,30.0000,30.0000,30.0000,30.0000,30.0000,30.0000,30.0000,30.0000,30.0000,30.0000,30.0000,30.0000,30.0000,0.2951,0.2852,0.6131,0.0186,0.0059,0.0309,0.0818,0.3450,0.1320,0.0711,0.1545,0.2509,0.0381,0.0445,0.1911,0.9912,0.2687
1.0000,0.0000,0.0000,0.0000,0.0000,0.0000,0.0000,0.0000,0.0000,0.0000,0.0000,0.0000,0.0000,0.0000,0.0000,0.0000,0.0000,0.0000,30.0000,30.0000,30.0000,30.0000,30.0000,30.0000,30.0000,30.0000,30.0000,30.0000,30.0000,30.0000,30.0000,30.0000,30.0000,30.0000,30.0000,0.4955,0.6265,0.6496,0.0064,0.0057,0.0291,0.1803,0.9905,0.1139,0.1248,0.2215,0.0718,0.0249,0.0481,0.1809,0.6799,0.4245
1.0000,0.0000,0.0000,0.0000,0.0000,0.0000,0.0000,0.0000,0.0000,0.0000,0.0000,0.0000,0.0000,0.0000,0.0000,0.0000,0.0000,0.0000,30.0000,30.0000,30.0000,30.0000,30.0000,30.0000,30.0000,30.0000,30.0000,30.0000,30.0000,30.0000,30.0000,30.0000,30.0000,30.0000,30.0000,0.4460,0.3293,0.9890,0.0048,0.0830,0.0126,0.0515,0.4679,0.1973,0.0856,0.1501,0.1411,0.0370,0.0642,0.2264,0.6599,0.6663
1.0000,1.0000,0.0000,0.0000,0.0000,0.0000,0.0000,0.0000,0.0000,0.0000,0.0000,0.0000,0.0000,0.0000,0.0000,0.0000,0.0000,0.0000,30.0000,30.0000,30.0000,30.0000,30.0000,30.0000,30.0000,30.0000,30.0000,30.0000,30.0000,30.0000,30.0000,30.0000,30.0000,30.0000,30.0000,0.1379,0.0985,0.9940,0.0188,0.0048,0.0343,0.0214,0.0843,0.0775,0.0520,0.1504,0.2375,0.0183,0.0162,0.0899,0.7214,0.0938
1.0000,0.0000,0.0000,0.0000,0.0000,1.0000,0.0000,0.0000,0.0000,0.0000,0.0000,0.0000,0.0000,0.0000,0.0000,1.0000,0.0000,0.0000,30.0000,30.0000,30.0000,30.0000,30.0000,30.0000,30.0000,30.0000,30.0000,30.0000,30.0000,30.0000,30.0000,30.0000,30.0000,30.0000,30.0000,0.3614,0.4422,0.9932,0.0185,0.0893,0.0248,0.1520,0.1956,0.1567,0.0650,0.1403,0.3574,0.0241,0.0241,0.1492,0.6922,0.0827
1.0000,1.0000,0.0000,0.0000,1.0000,0.0000,0.0000,0.0000,0.0000,0.0000,0.0000,0.0000,0.0000,0.0000,0.0000,0.0000,0.0000,0.0000,30.0000,30.0000,30.0000,30.0000,30.0000,30.0000,30.0000,30.0000,30.0000,30.0000,30.0000,30.0000,30.0000,30.0000,30.0000,30.0000,30.0000,0.2827,0.1742,0.9908,0.0152,0.1548,0.1675,0.1031,0.0999,0.1682,0.0498,0.1362,0.1046,0.0343,0.0156,0.1473,0.5629,0.3210
1.0000,0.0000,0.0000,0.0000,0.0000,0.0000,0.0000,0.0000,0.0000,0.0000,0.0000,0.0000,0.0000,0.0000,0.0000,0.0000,0.0000,0.0000,30.0000,30.0000,30.0000,30.0000,30.0000,30.0000,30.0000,30.0000,30.0000,30.0000,30.0000,30.0000,30.0000,30.0000,30.0000,30.0000,30.0000,0.9510,0.6096,0.7372,0.0145,0.0871,0.0400,0.2274,0.3868,0.1830,0.1112,0.4053,0.2199,0.0515,0.1051,0.3334,0.9862,0.3735
1.0000,0.0000,0.0000,0.0000,0.0000,0.0000,0.0000,0.0000,0.0000,0.0000,0.0000,0.0000,0.0000,0.0000,0.0000,0.0000,0.0000,0.0000,30.0000,30.0000,30.0000,30.0000,30.0000,30.0000,30.0000,30.0000,30.0000,30.0000,30.0000,30.0000,30.0000,30.0000,30.0000,30.0000,30.0000,0.7286,0.5370,0.9351,0.0078,0.0671,0.0218,0.1001,0.7152,0.2287,0.0812,0.2832,0.1872,0.0699,0.0578,0.4009,0.8503,0.9867
1.0000,0.0000,0.0000,0.0000,0.0000,1.0000,0.0000,0.0000,1.0000,0.0000,0.0000,0.0000,0.0000,0.0000,0.0000,0.0000,0.0000,0.0000,30.0000,30.0000,30.0000,30.0000,30.0000,30.0000,30.0000,30.0000,30.0000,30.0000,30.0000,30.0000,30.0000,30.0000,30.0000,30.0000,30.0000,0.4620,0.5114,0.9911,0.0104,0.0536,0.0278,0.4363,0.4259,0.1013,0.0696,0.2228,0.1664,0.0409,0.0764,0.2163,0.6245,0.1474
1.0000,1.0000,0.0000,0.0000,0.0000,0.0000,0.0000,0.0000,0.0000,0.0000,0.0000,0.0000,0.0000,0.0000,0.0000,0.0000,0.0000,0.0000,30.0000,30.0000,30.0000,30.0000,30.0000,30.0000,30.0000,30.0000,30.0000,30.0000,30.0000,30.0000,30.0000,30.0000,30.0000,30.0000,30.0000,0.2653,0.9224,0.3420,0.0144,0.0328,0.0133,0.9918,0.2581,0.0817,0.0686,0.1742,0.1186,0.0344,0.0677,0.1985,0.5429,0.2092
1.0000,0.0000,0.0000,0.0000,0.0000,0.0000,0.0000,0.0000,0.0000,0.0000,0.0000,0.0000,0.0000,0.0000,0.0000,0.0000,0.0000,0.0000,30.0000,30.0000,30.0000,30.0000,30.0000,30.0000,30.0000,30.0000,30.0000,30.0000,30.0000,30.0000,30.0000,30.0000,30.0000,30.0000,30.0000,0.4415,0.3363,0.5590,0.0077,0.0081,0.0206,0.1547,0.2679,0.0872,0.0615,0.2347,0.2021,0.0271,0.0534,0.2211,0.9899,0.2836
1.0000,1.0000,0.0000,0.0000,0.0000,0.0000,0.0000,0.0000,0.0000,0.0000,0.0000,0.0000,0.0000,0.0000,0.0000,0.0000,0.0000,0.0000,30.0000,30.0000,30.0000,30.0000,30.0000,30.0000,30.0000,30.0000,30.0000,30.0000,30.0000,30.0000,30.0000,30.0000,30.0000,30.0000,30.0000,0.5623,0.3020,0.9881,0.0296,0.2822,0.1371,0.3217,0.7997,0.1040,0.0993,0.3350,0.3077,0.0726,0.0652,0.3565,0.7895,0.3943
1.0000,0.0000,0.0000,0.0000,0.0000,0.0000,0.0000,0.0000,0.0000,0.0000,0.0000,0.0000,0.0000,0.0000,0.0000,0.0000,0.0000,0.0000,30.0000,30.0000,30.0000,30.0000,30.0000,30.0000,30.0000,30.0000,30.0000,30.0000,30.0000,30.0000,30.0000,30.0000,30.0000,30.0000,30.0000,0.4234,0.2548,0.9889,0.0309,0.0071,0.0229,0.1698,0.2189,0.1109,0.0917,0.4253,0.1299,0.0579,0.0805,0.2129,0.9557,0.4949
1.0000,0.0000,0.0000,1.0000,0.0000,1.0000,0.0000,0.0000,0.0000,0.0000,0.0000,0.0000,0.0000,0.0000,0.0000,0.0000,0.0000,0.0000,30.0000,30.0000,30.0000,30.0000,30.0000,30.0000,30.0000,30.0000,30.0000,30.0000,30.0000,30.0000,30.0000,30.0000,30.0000,30.0000,30.0000,0.6493,0.4600,0.9935,0.0204,0.0232,0.0486,0.3962,0.1907,0.0861,0.0873,0.2535,0.0629,0.0629,0.0456,0.1200,0.4962,0.0744
1.0000,0.0000,0.0000,0.0000,0.0000,0.0000,0.0000,0.0000,0.0000,0.0000,0.0000,0.0000,0.0000,0.0000,0.0000,0.0000,0.0000,0.0000,30.0000,30.0000,30.0000,30.0000,30.0000,30.0000,30.0000,30.0000,30.0000,30.0000,30.0000,30.0000,30.0000,30.0000,30.0000,30.0000,30.0000,0.2043,0.1732,0.7936,0.0092,0.0409,0.0134,0.0511,0.1610,0.0998,0.1054,0.3339,0.1914,0.0241,0.0526,0.2308,0.9907,0.2701
1.0000,1.0000,0.0000,0.0000,0.0000,0.0000,0.0000,0.0000,0.0000,0.0000,0.0000,0.0000,0.0000,0.0000,0.0000,0.0000,0.0000,0.0000,30.0000,30.0000,30.0000,30.0000,30.0000,30.0000,30.0000,30.0000,30.0000,30.0000,30.0000,30.0000,30.0000,30.0000,30.0000,30.0000,30.0000,0.4228,0.4529,0.9892,0.0093,0.0179,0.0314,0.1452,0.3243,0.1650,0.0880,0.1943,0.2384,0.0464,0.0683,0.2965,0.8678,0.2250
1.0000,0.0000,0.0000,0.0000,0.0000,0.0000,0.0000,0.0000,0.0000,0.0000,0.0000,0.0000,0.0000,0.0000,0.0000,0.0000,0.0000,0.0000,30.0000,30.0000,30.0000,30.0000,30.0000,30.0000,30.0000,30.0000,30.0000,30.0000,30.0000,30.0000,30.0000,30.0000,30.0000,30.0000,30.0000,0.5487,0.4535,0.7038,0.0077,0.5230,0.1072,0.1732,0.9907,0.1295,0.0895,0.1804,0.1928,0.0392,0.0527,0.2579,0.4609,0.1968
1.0000,0.0000,0.0000,0.0000,0.0000,0.0000,0.0000,0.0000,0.0000,0.0000,0.0000,0.0000,0.0000,0.0000,0.0000,0.0000,0.0000,0.0000,30.0000,30.0000,30.0000,30.0000,30.0000,30.0000,30.0000,30.0000,30.0000,30.0000,30.0000,30.0000,30.0000,30.0000,30.0000,30.0000,30.0000,0.5502,0.5940,0.9897,0.0168,0.0303,0.0532,0.2740,0.4467,0.2504,0.1452,0.2592,0.2360,0.0396,0.1476,0.3619,0.9749,0.8068
1.0000,0.0000,0.0000,1.0000,0.0000,1.0000,0.0000,0.0000,0.0000,0.0000,0.0000,0.0000,0.0000,0.0000,0.0000,0.0000,0.0000,0.0000,30.0000,30.0000,30.0000,30.0000,30.0000,30.0000,30.0000,30.0000,30.0000,30.0000,30.0000,30.0000,30.0000,30.0000,30.0000,30.0000,30.0000,0.1794,0.2227,0.9953,0.0162,0.1637,0.0637,0.0995,0.2469,0.3773,0.2126,0.1969,0.0613,0.0549,0.0366,0.0901,0.3410,0.2889
1.0000,0.0000,0.0000,1.0000,1.0000,1.0000,0.0000,0.0000,0.0000,0.0000,0.0000,0.0000,0.0000,0.0000,0.0000,0.0000,0.0000,0.0000,30.0000,30.0000,30.0000,30.0000,30.0000,30.0000,30.0000,30.0000,30.0000,30.0000,30.0000,30.0000,30.0000,30.0000,30.0000,30.0000,30.0000,0.5421,0.9879,0.5089,0.0198,0.1776,0.0248,0.6871,0.4494,0.1298,0.1002,0.3672,0.1351,0.0588,0.1457,0.2855,0.8323,0.7004
1.0000,0.0000,0.0000,0.0000,0.0000,0.0000,0.0000,0.0000,0.0000,0.0000,0.0000,0.0000,0.0000,0.0000,0.0000,0.0000,0.0000,0.0000,30.0000,30.0000,30.0000,30.0000,30.0000,30.0000,30.0000,30.0000,30.0000,30.0000,30.0000,30.0000,30.0000,30.0000,30.0000,30.0000,30.0000,0.3960,0.5078,0.3325,0.0339,0.0017,0.0138,0.2670,0.9901,0.1444,0.1759,0.2178,0.1276,0.0577,0.0560,0.2583,0.7770,0.3832
1.0000,1.0000,0.0000,0.0000,0.0000,0.0000,0.0000,0.0000,0.0000,0.0000,0.0000,0.0000,0.0000,0.0000,0.0000,0.0000,0.0000,0.0000,30.0000,30.0000,30.0000,30.0000,30.0000,30.0000,30.0000,30.0000,30.0000,30.0000,30.0000,30.0000,30.0000,30.0000,30.0000,30.0000,30.0000,0.9835,0.5319,0.7667,0.0318,0.0803,0.0401,0.8034,0.9096,0.2278,0.1458,0.2612,0.2094,0.0881,0.2020,0.3891,0.9685,0.6301
1.0000,0.0000,0.0000,0.0000,0.0000,0.0000,0.0000,0.0000,0.0000,0.0000,0.0000,0.0000,0.0000,0.0000,0.0000,0.0000,0.0000,0.0000,30.0000,30.0000,30.0000,30.0000,30.0000,30.0000,30.0000,30.0000,30.0000,30.0000,30.0000,30.0000,30.0000,30.0000,30.0000,30.0000,30.0000,0.4326,0.8167,0.4795,0.0366,0.0296,0.0168,0.4226,0.7169,0.1455,0.0541,0.1886,0.0832,0.0545,0.1981,0.3187,0.9887,0.5313
1.0000,1.0000,0.0000,0.0000,0.0000,0.0000,0.0000,0.0000,0.0000,0.0000,0.0000,0.0000,0.0000,1.0000,0.0000,0.0000,0.0000,0.0000,30.0000,30.0000,30.0000,30.0000,30.0000,30.0000,30.0000,30.0000,30.0000,30.0000,30.0000,30.0000,30.0000,30.0000,30.0000,30.0000,30.0000,0.9638,0.6017,0.9821,0.0257,0.7925,0.1648,0.9182,0.6457,0.2834,0.1519,0.4140,0.4724,0.1304,0.1425,0.4948,0.8347,0.6371
1.0000,0.0000,0.0000,0.0000,0.0000,0.0000,0.0000,0.0000,0.0000,0.0000,0.0000,0.0000,0.0000,0.0000,0.0000,0.0000,1.0000,0.0000,30.0000,30.0000,30.0000,30.0000,30.0000,30.0000,30.0000,30.0000,30.0000,30.0000,30.0000,30.0000,30.0000,30.0000,30.0000,30.0000,30.0000,0.9882,0.6878,0.5635,0.0123,0.0449,0.0290,0.1811,0.9390,0.2515,0.2040,0.2560,0.1027,0.0299,0.0736,0.1803,0.7608,0.5050
1.0000,1.0000,0.0000,0.0000,0.0000,0.0000,0.0000,0.0000,0.0000,0.0000,0.0000,0.0000,0.0000,0.0000,0.0000,0.0000,0.0000,0.0000,30.0000,30.0000,30.0000,30.0000,30.0000,30.0000,30.0000,30.0000,30.0000,30.0000,30.0000,30.0000,30.0000,30.0000,30.0000,30.0000,30.0000,0.4200,0.6205,0.4927,0.0200,0.0181,0.0206,0.5179,0.4118,0.0966,0.0937,0.2739,0.1483,0.0656,0.1124,0.2177,0.9893,0.3467
1.0000,1.0000,0.0000,0.0000,0.0000,0.0000,0.0000,0.0000,0.0000,0.0000,0.0000,0.0000,0.0000,0.0000,0.0000,0.0000,0.0000,0.0000,30.0000,30.0000,30.0000,30.0000,30.0000,30.0000,30.0000,30.0000,30.0000,30.0000,30.0000,30.0000,30.0000,30.0000,30.0000,30.0000,30.0000,0.5881,0.2183,0.8806,0.0342,0.0831,0.0850,0.1156,0.1236,0.3431,0.1183,0.2306,0.2570,0.0678,0.1445,0.2363,0.9881,0.4431
1.0000,0.0000,0.0000,0.0000,0.0000,0.0000,0.0000,0.0000,0.0000,0.0000,0.0000,0.0000,0.0000,0.0000,0.0000,0.0000,0.0000,0.0000,30.0000,30.0000,30.0000,30.0000,30.0000,30.0000,30.0000,30.0000,30.0000,30.0000,30.0000,30.0000,30.0000,30.0000,30.0000,30.0000,30.0000,0.9876,0.7489,0.8820,0.0114,0.0523,0.0461,0.3627,0.5755,0.2565,0.2121,0.6404,0.2119,0.0489,0.1274,0.4296,0.9274,0.1505
1.0000,1.0000,0.0000,0.0000,1.0000,0.0000,0.0000,0.0000,0.0000,0.0000,0.0000,0.0000,0.0000,0.0000,0.0000,0.0000,0.0000,0.0000,30.0000,30.0000,30.0000,30.0000,30.0000,30.0000,30.0000,30.0000,30.0000,30.0000,30.0000,30.0000,30.0000,30.0000,30.0000,30.0000,30.0000,0.9482,0.7990,0.9853,0.0136,0.3354,0.0279,0.3755,0.6587,0.1343,0.1533,0.2878,0.3597,0.0477,0.0676,0.3068,0.7898,0.5643
1.0000,0.0000,0.0000,0.0000,0.0000,0.0000,0.0000,0.0000,0.0000,0.0000,0.0000,0.0000,0.0000,0.0000,0.0000,0.0000,0.0000,0.0000,30.0000,30.0000,30.0000,30.0000,30.0000,30.0000,30.0000,30.0000,30.0000,30.0000,30.0000,30.0000,30.0000,30.0000,30.0000,30.0000,30.0000,0.2372,0.1059,0.9928,0.0128,0.0073,0.0422,0.0347,0.2257,0.1900,0.0303,0.1201,0.0685,0.0171,0.0111,0.1657,0.1930,0.3216
1.0000,0.0000,0.0000,0.0000,0.0000,0.0000,0.0000,0.0000,0.0000,0.0000,0.0000,0.0000,0.0000,0.0000,0.0000,0.0000,0.0000,0.0000,30.0000,30.0000,30.0000,30.0000,30.0000,30.0000,30.0000,30.0000,30.0000,30.0000,30.0000,30.0000,30.0000,30.0000,30.0000,30.0000,30.0000,0.9701,0.9853,0.8831,0.0085,0.0807,0.0800,0.4608,0.7734,0.4083,0.1424,0.2100,0.1022,0.0325,0.0662,0.3222,0.3200,0.4254
1.0000,1.0000,0.0000,0.0000,0.0000,0.0000,0.0000,0.0000,0.0000,0.0000,0.0000,0.0000,0.0000,0.0000,0.0000,0.0000,0.0000,0.0000,30.0000,30.0000,30.0000,30.0000,30.0000,30.0000,30.0000,30.0000,30.0000,30.0000,30.0000,30.0000,30.0000,30.0000,30.0000,30.0000,30.0000,0.3131,0.2063,0.9909,0.0088,0.3032,0.0760,0.0490,0.2136,0.1867,0.0972,0.1000,0.0693,0.0201,0.0124,0.1158,0.4064,0.9620
1.0000,0.0000,0.0000,0.0000,0.0000,0.0000,0.0000,0.0000,0.0000,0.0000,0.0000,0.0000,0.0000,0.0000,0.0000,0.0000,0.0000,0.0000,30.0000,30.0000,30.0000,30.0000,30.0000,30.0000,30.0000,30.0000,30.0000,30.0000,30.0000,30.0000,30.0000,30.0000,30.0000,30.0000,30.0000,0.6184,0.3457,0.7648,0.0173,0.0031,0.0487,0.1206,0.7341,0.1929,0.1624,0.2221,0.0497,0.0463,0.0372,0.3256,0.8910,0.9871
1.0000,0.0000,0.0000,1.0000,0.0000,0.0000,0.0000,0.0000,0.0000,0.0000,0.0000,1.0000,0.0000,0.0000,0.0000,0.0000,0.0000,0.0000,30.0000,30.0000,30.0000,30.0000,30.0000,30.0000,30.0000,30.0000,30.0000,30.0000,30.0000,30.0000,30.0000,30.0000,30.0000,30.0000,30.0000,0.4413,0.2931,0.7203,0.0166,0.6376,0.2690,0.3621,0.9851,0.1262,0.1325,0.5085,0.2620,0.1454,0.0678,0.4678,0.5110,0.5645
1.0000,0.0000,0.0000,0.0000,0.0000,0.0000,0.0000,0.0000,0.0000,0.0000,0.0000,0.0000,0.0000,0.0000,0.0000,0.0000,0.0000,0.0000,30.0000,30.0000,30.0000,30.0000,30.0000,30.0000,30.0000,30.0000,30.0000,30.0000,30.0000,30.0000,30.0000,30.0000,30.0000,30.0000,30.0000,0.4987,0.5103,0.6087,0.0168,0.0886,0.0275,0.2545,0.5575,0.0970,0.1200,0.2966,0.1734,0.0739,0.1255,0.2632,0.9883,0.4039
1.0000,0.0000,0.0000,0.0000,0.0000,0.0000,0.0000,0.0000,0.0000,0.0000,0.0000,0.0000,0.0000,0.0000,0.0000,0.0000,0.0000,0.0000,30.0000,30.0000,30.0000,30.0000,30.0000,30.0000,30.0000,30.0000,30.0000,30.0000,30.0000,30.0000,30.0000,30.0000,30.0000,30.0000,30.0000,0.2357,0.3924,0.9957,0.0149,0.0421,0.0196,0.1817,0.3905,0.0595,0.2292,0.1307,0.0833,0.0306,0.0356,0.0853,0.4402,0.2316
1.0000,0.0000,0.0000,0.0000,0.0000,0.0000,0.0000,0.0000,0.0000,0.0000,0.0000,0.0000,0.0000,0.0000,0.0000,0.0000,0.0000,0.0000,30.0000,30.0000,30.0000,30.0000,30.0000,30.0000,30.0000,30.0000,30.0000,30.0000,30.0000,30.0000,30.0000,30.0000,30.0000,30.0000,30.0000,0.2212,0.5976,0.5823,0.0049,0.0234,0.0297,0.9932,0.2679,0.1617,0.0675,0.1209,0.0937,0.0220,0.0568,0.1767,0.4020,0.4857
1.0000,0.0000,0.0000,0.0000,0.0000,1.0000,0.0000,0.0000,0.0000,0.0000,0.0000,0.0000,0.0000,0.0000,0.0000,0.0000,0.0000,0.0000,30.0000,30.0000,30.0000,30.0000,30.0000,30.0000,30.0000,30.0000,30.0000,30.0000,30.0000,30.0000,30.0000,30.0000,30.0000,30.0000,30.0000,0.5198,0.2800,0.9937,0.0329,0.0013,0.0350,0.1676,0.2784,0.0886,0.0776,0.1322,0.1353,0.0395,0.0125,0.1724,0.3491,0.1026
1.0000,0.0000,0.0000,1.0000,0.0000,0.0000,0.0000,0.0000,0.0000,0.0000,0.0000,0.0000,0.0000,0.0000,0.0000,0.0000,0.0000,0.0000,30.0000,30.0000,30.0000,30.0000,30.0000,30.0000,30.0000,30.0000,30.0000,30.0000,30.0000,30.0000,30.0000,30.0000,30.0000,30.0000,30.0000,0.6002,0.9907,0.5117,0.0343,0.3274,0.0517,0.0345,0.0761,0.4314,0.0463,0.3929,0.0962,0.0293,0.0306,0.1540,0.5312,0.2020
1.0000,0.0000,0.0000,0.0000,0.0000,1.0000,0.0000,0.0000,0.0000,0.0000,0.0000,0.0000,0.0000,0.0000,0.0000,0.0000,0.0000,0.0000,30.0000,30.0000,30.0000,30.0000,30.0000,30.0000,30.0000,30.0000,30.0000,30.0000,30.0000,30.0000,30.0000,30.0000,30.0000,30.0000,30.0000,0.3732,0.3731,0.5986,0.0228,0.0335,0.0377,0.0567,0.4354,0.1104,0.0557,0.1999,0.2042,0.0350,0.0727,0.1676,0.9914,0.1872
1.0000,0.0000,0.0000,0.0000,0.0000,0.0000,0.0000,0.0000,0.0000,0.0000,0.0000,0.0000,0.0000,0.0000,0.0000,0.0000,0.0000,0.0000,30.0000,30.0000,30.0000,30.0000,30.0000,30.0000,30.0000,30.0000,30.0000,30.0000,30.0000,30.0000,30.0000,30.0000,30.0000,30.0000,30.0000,0.5769,0.3513,0.9881,0.0114,0.0404,0.0422,0.0340,0.4946,0.3851,0.0911,0.1876,0.0848,0.0260,0.0360,0.3356,0.5396,0.5630
1.0000,0.0000,0.0000,0.0000,0.0000,0.0000,0.0000,0.0000,0.0000,0.0000,0.0000,0.0000,0.0000,0.0000,0.0000,0.0000,0.0000,0.0000,30.0000,30.0000,30.0000,30.0000,30.0000,30.0000,30.0000,30.0000,30.0000,30.0000,30.0000,30.0000,30.0000,30.0000,30.0000,30.0000,30.0000,0.6685,0.4744,0.9894,0.0239,0.0046,0.0679,0.2052,0.4198,0.1563,0.2031,0.2632,0.3002,0.0510,0.0349,0.2639,0.6905,0.3299
1.0000,0.0000,0.0000,0.0000,0.0000,1.0000,0.0000,0.0000,0.0000,0.0000,0.0000,0.0000,0.0000,0.0000,0.0000,0.0000,0.0000,0.0000,30.0000,30.0000,30.0000,30.0000,30.0000,30.0000,30.0000,30.0000,30.0000,30.0000,30.0000,30.0000,30.0000,30.0000,30.0000,30.0000,30.0000,0.2376,0.0570,0.9939,0.0564,0.1050,0.1052,0.0926,0.0729,0.1865,0.0778,0.1633,0.1261,0.0471,0.0654,0.1121,0.1028,0.1437
1.0000,0.0000,0.0000,0.0000,0.0000,0.0000,0.0000,0.0000,0.0000,0.0000,0.0000,0.0000,0.0000,0.0000,0.0000,0.0000,0.0000,0.0000,30.0000,30.0000,30.0000,30.0000,30.0000,30.0000,30.0000,30.0000,30.0000,30.0000,30.0000,30.0000,30.0000,30.0000,30.0000,30.0000,30.0000,0.4407,0.9932,0.4184,0.0040,0.0042,0.0386,0.3161,0.5846,0.1274,0.1304,0.2074,0.0589,0.0298,0.0649,0.1154,0.5673,0.3648
1.0000,0.0000,0.0000,0.0000,0.0000,0.0000,0.0000,0.0000,0.0000,0.0000,0.0000,0.0000,0.0000,0.0000,0.0000,0.0000,0.0000,0.0000,30.0000,30.0000,30.0000,30.0000,30.0000,30.0000,30.0000,30.0000,30.0000,30.0000,30.0000,30.0000,30.0000,30.0000,30.0000,30.0000,30.0000,0.4520,0.3719,0.7991,0.0091,0.0117,0.0368,0.3635,0.9887,0.1532,0.2408,0.2458,0.1004,0.0405,0.0972,0.2297,0.4826,0.9459
1.0000,0.0000,0.0000,0.0000,0.0000,1.0000,0.0000,0.0000,0.0000,0.0000,0.0000,0.0000,0.0000,0.0000,0.0000,0.0000,0.0000,0.0000,30.0000,30.0000,30.0000,30.0000,30.0000,30.0000,30.0000,30.0000,30.0000,30.0000,30.0000,30.0000,30.0000,30.0000,30.0000,30.0000,30.0000,0.4755,0.9931,0.3316,0.0199,0.0428,0.0447,0.2346,0.2768,0.0818,0.1759,0.1635,0.1473,0.0372,0.0437,0.1691,0.5072,0.1379
1.0000,0.0000,0.0000,0.0000,0.0000,0.0000,0.0000,0.0000,0.0000,0.0000,0.0000,0.0000,0.0000,0.0000,0.0000,0.0000,0.0000,0.0000,30.0000,30.0000,30.0000,30.0000,30.0000,30.0000,30.0000,30.0000,30.0000,30.0000,30.0000,30.0000,30.0000,30.0000,30.0000,30.0000,30.0000,0.5971,0.5791,0.6226,0.0133,0.0603,0.0111,0.9872,0.5667,0.0856,0.0594,0.3311,0.1134,0.0633,0.1206,0.2844,0.7705,0.6052
1.0000,0.0000,0.0000,0.0000,0.0000,1.0000,1.0000,0.0000,0.0000,0.0000,0.0000,0.0000,0.0000,0.0000,0.0000,0.0000,0.0000,0.0000,30.0000,30.0000,30.0000,30.0000,30.0000,30.0000,30.0000,30.0000,30.0000,30.0000,30.0000,30.0000,30.0000,30.0000,30.0000,30.0000,30.0000,0.5906,0.7701,0.7275,0.0245,0.0033,0.0345,0.9875,0.7991,0.1540,0.1241,0.3091,0.1601,0.0605,0.1202,0.2304,0.6701,0.1617
1.0000,1.0000,0.0000,1.0000,0.0000,0.0000,0.0000,0.0000,0.0000,0.0000,0.0000,0.0000,0.0000,0.0000,0.0000,0.0000,0.0000,0.0000,30.0000,30.0000,30.0000,30.0000,30.0000,30.0000,30.0000,30.0000,30.0000,30.0000,30.0000,30.0000,30.0000,30.0000,30.0000,30.0000,30.0000,0.6379,0.5124,0.9898,0.1151,0.6009,0.0770,0.7320,0.1831,0.1455,0.0921,0.2521,0.1795,0.0646,0.0276,0.3355,0.8136,0.1257
1.0000,0.0000,0.0000,0.0000,0.0000,1.0000,1.0000,0.0000,0.0000,0.0000,0.0000,0.0000,0.0000,0.0000,0.0000,0.0000,0.0000,0.0000,30.0000,30.0000,30.0000,30.0000,30.0000,30.0000,30.0000,30.0000,30.0000,30.0000,30.0000,30.0000,30.0000,30.0000,30.0000,30.0000,30.0000,0.1960,0.0057,0.1941,0.0063,0.1060,0.0361,0.9981,0.0511,0.0662,0.0180,0.0368,0.0525,0.0154,0.0125,0.0534,0.0152,0.0229
1.0000,1.0000,0.0000,1.0000,0.0000,0.0000,0.0000,0.0000,0.0000,0.0000,0.0000,0.0000,0.0000,0.0000,0.0000,0.0000,0.0000,0.0000,30.0000,30.0000,30.0000,30.0000,30.0000,30.0000,30.0000,30.0000,30.0000,30.0000,30.0000,30.0000,30.0000,30.0000,30.0000,30.0000,30.0000,0.1734,0.3422,0.8362,0.0289,0.1765,0.0365,0.0977,0.2855,0.0510,0.1233,0.1553,0.1769,0.0652,0.0275,0.2005,0.9931,0.2849
1.0000,1.0000,0.0000,0.0000,0.0000,0.0000,0.0000,0.0000,0.0000,0.0000,0.0000,0.0000,0.0000,0.0000,0.0000,0.0000,0.0000,0.0000,30.0000,30.0000,30.0000,30.0000,30.0000,30.0000,30.0000,30.0000,30.0000,30.0000,30.0000,30.0000,30.0000,30.0000,30.0000,30.0000,30.0000,0.3767,0.9934,0.3381,0.0068,0.0258,0.0295,0.2080,0.3977,0.0806,0.0523,0.1737,0.1059,0.0300,0.0377,0.1449,0.3957,0.1056
1.0000,1.0000,0.0000,0.0000,0.0000,0.0000,0.0000,0.0000,0.0000,0.0000,0.0000,0.0000,0.0000,0.0000,0.0000,0.0000,0.0000,0.0000,30.0000,30.0000,30.0000,30.0000,30.0000,30.0000,30.0000,30.0000,30.0000,30.0000,30.0000,30.0000,30.0000,30.0000,30.0000,30.0000,30.0000,0.4412,0.5936,0.9879,0.0250,0.3266,0.0995,0.1885,0.9013,0.1123,0.0978,0.9157,0.2852,0.0833,0.0667,0.2187,0.7813,0.3601
1.0000,1.0000,0.0000,0.0000,0.0000,0.0000,1.0000,0.0000,0.0000,0.0000,1.0000,0.0000,0.0000,0.0000,0.0000,0.0000,0.0000,0.0000,30.0000,30.0000,30.0000,30.0000,30.0000,30.0000,30.0000,30.0000,30.0000,30.0000,30.0000,30.0000,30.0000,30.0000,30.0000,30.0000,30.0000,0.4167,0.7875,0.9840,0.0718,0.2242,0.0418,0.9923,0.1881,0.1890,0.0598,0.2463,0.1962,0.0640,0.0356,0.1489,0.8946,0.4392
1.0000,0.0000,0.0000,0.0000,0.0000,0.0000,0.0000,0.0000,0.0000,0.0000,0.0000,0.0000,0.0000,0.0000,0.0000,0.0000,0.0000,0.0000,30.0000,30.0000,30.0000,30.0000,30.0000,30.0000,30.0000,30.0000,30.0000,30.0000,30.0000,30.0000,30.0000,30.0000,30.0000,30.0000,30.0000,0.2752,0.3057,0.9944,0.0020,0.1215,0.0188,0.0974,0.2648,0.1376,0.0255,0.0697,0.0485,0.0061,0.0114,0.0808,0.0775,0.3965
1.0000,0.0000,0.0000,0.0000,0.0000,0.0000,0.0000,0.0000,0.0000,0.0000,0.0000,0.0000,0.0000,0.0000,0.0000,0.0000,0.0000,0.0000,30.0000,30.0000,30.0000,30.0000,30.0000,30.0000,30.0000,30.0000,30.0000,30.0000,30.0000,30.0000,30.0000,30.0000,30.0000,30.0000,30.0000,0.2367,0.2127,0.3578,0.0048,0.0266,0.0154,0.9944,0.3016,0.0402,0.0863,0.1160,0.1091,0.0297,0.0451,0.1019,0.6439,0.2601
1.0000,1.0000,0.0000,0.0000,0.0000,0.0000,0.0000,0.0000,0.0000,0.0000,0.0000,0.0000,0.0000,0.0000,0.0000,0.0000,0.0000,0.0000,30.0000,30.0000,30.0000,30.0000,30.0000,30.0000,30.0000,30.0000,30.0000,30.0000,30.0000,30.0000,30.0000,30.0000,30.0000,30.0000,30.0000,0.3592,0.1566,0.5174,0.0218,0.0015,0.1235,0.0237,0.9929,0.0782,0.2059,0.1497,0.1969,0.0371,0.0584,0.2091,0.5789,0.2482
1.0000,0.0000,0.0000,0.0000,1.0000,1.0000,0.0000,0.0000,0.0000,0.0000,0.0000,0.0000,0.0000,0.0000,0.0000,0.0000,0.0000,0.0000,30.0000,30.0000,30.0000,30.0000,30.0000,30.0000,30.0000,30.0000,30.0000,30.0000,30.0000,30.0000,30.0000,30.0000,30.0000,30.0000,30.0000,0.1164,0.0516,0.4707,0.0085,0.0208,0.0273,0.9976,0.2923,0.0347,0.0339,0.0762,0.0799,0.0208,0.0079,0.0462,0.3121,0.0256
1.0000,0.0000,0.0000,0.0000,0.0000,0.0000,0.0000,0.0000,0.0000,0.0000,0.0000,0.0000,0.0000,0.0000,0.0000,0.0000,0.0000,0.0000,30.0000,30.0000,30.0000,30.0000,30.0000,30.0000,30.0000,30.0000,30.0000,30.0000,30.0000,30.0000,30.0000,30.0000,30.0000,30.0000,30.0000,0.0911,0.9973,0.2420,0.0021,0.0029,0.0250,0.0283,0.2956,0.0317,0.0445,0.0709,0.0370,0.0116,0.0255,0.1047,0.1750,0.0918
1.0000,1.0000,0.0000,0.0000,0.0000,0.0000,0.0000,0.0000,0.0000,0.0000,0.0000,0.0000,0.0000,0.0000,0.0000,0.0000,0.0000,0.0000,30.0000,30.0000,30.0000,30.0000,30.0000,30.0000,30.0000,30.0000,30.0000,30.0000,30.0000,30.0000,30.0000,30.0000,30.0000,30.0000,30.0000,0.1826,0.1352,0.6228,0.0075,0.0607,0.0773,0.0038,0.9960,0.0307,0.0317,0.1200,0.1003,0.0172,0.0203,0.0940,0.2282,0.1155
1.0000,0.0000,0.0000,0.0000,0.0000,0.0000,0.0000,0.0000,0.0000,0.0000,0.0000,0.0000,0.0000,0.0000,0.0000,0.0000,0.0000,0.0000,30.0000,30.0000,30.0000,30.0000,30.0000,30.0000,30.0000,30.0000,30.0000,30.0000,30.0000,30.0000,30.0000,30.0000,30.0000,30.0000,30.0000,0.7292,0.9905,0.4409,0.0715,0.0307,0.0308,0.3144,0.4693,0.1879,0.0678,0.2904,0.1024,0.0366,0.1117,0.2215,0.3951,0.4031
1.0000,0.0000,0.0000,0.0000,0.0000,0.0000,0.0000,0.0000,0.0000,0.0000,0.0000,0.0000,0.0000,0.0000,0.0000,0.0000,0.0000,0.0000,30.0000,30.0000,30.0000,30.0000,30.0000,30.0000,30.0000,30.0000,30.0000,30.0000,30.0000,30.0000,30.0000,30.0000,30.0000,30.0000,30.0000,0.3785,0.0341,0.9932,0.0082,0.4733,0.1545,0.0235,0.0521,0.1116,0.0739,0.3061,0.1553,0.0366,0.0503,0.1581,0.2078,0.1470
1.0000,0.0000,0.0000,0.0000,0.0000,0.0000,0.0000,0.0000,0.0000,0.0000,0.0000,0.0000,0.0000,0.0000,0.0000,0.0000,0.0000,0.0000,30.0000,30.0000,30.0000,30.0000,30.0000,30.0000,30.0000,30.0000,30.0000,30.0000,30.0000,30.0000,30.0000,30.0000,30.0000,30.0000,30.0000,0.7414,0.5773,0.8901,0.0162,0.0224,0.1152,0.0595,0.2819,0.2919,0.0890,0.3047,0.2343,0.0432,0.0573,0.2721,0.9861,0.6291
1.0000,0.0000,0.0000,0.0000,0.0000,0.0000,0.0000,0.0000,0.0000,0.0000,0.0000,0.0000,0.0000,0.0000,0.0000,0.0000,0.0000,0.0000,30.0000,30.0000,30.0000,30.0000,30.0000,30.0000,30.0000,30.0000,30.0000,30.0000,30.0000,30.0000,30.0000,30.0000,30.0000,30.0000,30.0000,0.5279,0.6019,0.3233,0.0172,0.0122,0.0507,0.1329,0.3033,0.0762,0.1026,0.2262,0.1497,0.0474,0.0636,0.2140,0.9913,0.3591
1.0000,0.0000,0.0000,0.0000,0.0000,0.0000,0.0000,0.0000,0.0000,0.0000,0.0000,0.0000,0.0000,0.0000,0.0000,0.0000,0.0000,0.0000,30.0000,30.0000,30.0000,30.0000,30.0000,30.0000,30.0000,30.0000,30.0000,30.0000,30.0000,30.0000,30.0000,30.0000,30.0000,30.0000,30.0000,0.1288,0.1324,0.9974,0.0041,0.0447,0.0098,0.0307,0.0574,0.0363,0.0272,0.0507,0.0280,0.0097,0.0187,0.0674,0.1749,0.1112
1.0000,0.0000,0.0000,0.0000,0.0000,0.0000,0.0000,0.0000,0.0000,0.0000,0.0000,0.0000,0.0000,0.0000,0.0000,0.0000,0.0000,0.0000,30.0000,30.0000,30.0000,30.0000,30.0000,30.0000,30.0000,30.0000,30.0000,30.0000,30.0000,30.0000,30.0000,30.0000,30.0000,30.0000,30.0000,0.7701,0.5077,0.8845,0.0373,0.9427,0.1518,0.5985,0.8890,0.1803,0.1259,0.3851,0.3270,0.0582,0.1286,0.3752,0.9818,0.8145
1.0000,0.0000,0.0000,0.0000,0.0000,0.0000,0.0000,0.0000,0.0000,0.0000,0.0000,0.0000,0.0000,0.0000,0.0000,0.0000,0.0000,0.0000,30.0000,30.0000,30.0000,30.0000,30.0000,30.0000,30.0000,30.0000,30.0000,30.0000,30.0000,30.0000,30.0000,30.0000,30.0000,30.0000,30.0000,0.0728,0.1116,0.9983,0.0021,0.0294,0.0057,0.0570,0.0450,0.0325,0.0241,0.0379,0.0223,0.0057,0.0077,0.0318,0.0973,0.0440
1.0000,0.0000,0.0000,0.0000,0.0000,0.0000,0.0000,0.0000,0.0000,0.0000,0.0000,0.0000,0.0000,0.0000,0.0000,0.0000,0.0000,0.0000,30.0000,30.0000,30.0000,30.0000,30.0000,30.0000,30.0000,30.0000,30.0000,30.0000,30.0000,30.0000,30.0000,30.0000,30.0000,30.0000,30.0000,0.5794,0.9907,0.1787,0.0465,0.1898,0.0383,0.0943,0.5334,0.1730,0.1681,0.2533,0.1309,0.0434,0.0325,0.1470,0.6316,0.3012
1.0000,0.0000,0.0000,0.0000,0.0000,0.0000,0.0000,0.0000,0.0000,0.0000,0.0000,0.0000,0.0000,0.0000,0.0000,0.0000,0.0000,0.0000,30.0000,30.0000,30.0000,30.0000,30.0000,30.0000,30.0000,30.0000,30.0000,30.0000,30.0000,30.0000,30.0000,30.0000,30.0000,30.0000,30.0000,0.6704,0.9909,0.4486,0.0285,0.0086,0.0395,0.2995,0.6240,0.1818,0.1354,0.1232,0.1658,0.0443,0.0564,0.1914,0.5935,0.3851
1.0000,0.0000,0.0000,0.0000,0.0000,0.0000,0.0000,0.0000,0.0000,0.0000,0.0000,0.0000,0.0000,0.0000,0.0000,0.0000,0.0000,0.0000,30.0000,30.0000,30.0000,30.0000,30.0000,30.0000,30.0000,30.0000,30.0000,30.0000,30.0000,30.0000,30.0000,30.0000,30.0000,30.0000,30.0000,0.9890,0.9581,0.7779,0.0074,0.1048,0.0219,0.2118,0.6713,0.2040,0.0646,0.3763,0.1191,0.0258,0.0736,0.2780,0.6066,0.9554
1.0000,0.0000,0.0000,0.0000,0.0000,1.0000,0.0000,0.0000,0.0000,0.0000,0.0000,0.0000,0.0000,0.0000,0.0000,0.0000,0.0000,0.0000,30.0000,30.0000,30.0000,30.0000,30.0000,30.0000,30.0000,30.0000,30.0000,30.0000,30.0000,30.0000,30.0000,30.0000,30.0000,30.0000,30.0000,0.2152,0.1971,0.9925,0.0056,0.0313,0.0326,0.0722,0.1389,0.0848,0.0464,0.1821,0.1360,0.0199,0.0155,0.0904,0.8088,0.0644
1.0000,1.0000,0.0000,0.0000,0.0000,0.0000,0.0000,0.0000,0.0000,0.0000,0.0000,0.0000,0.0000,0.0000,0.0000,0.0000,0.0000,0.0000,30.0000,30.0000,30.0000,30.0000,30.0000,30.0000,30.0000,30.0000,30.0000,30.0000,30.0000,30.0000,30.0000,30.0000,30.0000,30.0000,30.0000,0.0893,0.2926,0.9948,0.0041,0.0178,0.0468,0.0084,0.0814,0.0910,0.0735,0.1170,0.1031,0.0061,0.0054,0.0653,0.2209,0.0400
1.0000,0.0000,0.0000,0.0000,0.0000,0.0000,0.0000,0.0000,0.0000,0.0000,0.0000,0.0000,0.0000,0.0000,0.0000,0.0000,0.0000,0.0000,30.0000,30.0000,30.0000,30.0000,30.0000,30.0000,30.0000,30.0000,30.0000,30.0000,30.0000,30.0000,30.0000,30.0000,30.0000,30.0000,30.0000,0.3934,0.3429,0.9890,0.0031,0.0413,0.0218,0.1138,0.5448,0.0923,0.0686,0.1924,0.1268,0.0313,0.1015,0.2711,0.7242,0.4314
1.0000,0.0000,0.0000,0.0000,0.0000,0.0000,0.0000,0.0000,0.0000,0.0000,0.0000,0.0000,0.0000,0.0000,0.0000,0.0000,0.0000,0.0000,30.0000,30.0000,30.0000,30.0000,30.0000,30.0000,30.0000,30.0000,30.0000,30.0000,30.0000,30.0000,30.0000,30.0000,30.0000,30.0000,30.0000,0.8926,0.9909,0.8317,0.0101,0.0166,0.1099,0.4730,0.5276,0.2171,0.1055,0.2184,0.1385,0.0208,0.0336,0.1980,0.4021,0.3674
1.0000,1.0000,0.0000,0.0000,0.0000,0.0000,0.0000,0.0000,0.0000,0.0000,0.0000,0.0000,0.0000,0.0000,0.0000,0.0000,0.0000,0.0000,30.0000,30.0000,30.0000,30.0000,30.0000,30.0000,30.0000,30.0000,30.0000,30.0000,30.0000,30.0000,30.0000,30.0000,30.0000,30.0000,30.0000,0.4396,0.5090,0.9231,0.0342,0.9928,0.0360,0.1537,0.1045,0.2740,0.0990,0.3089,0.1668,0.0622,0.0488,0.2471,0.6678,0.3541
1.0000,1.0000,0.0000,0.0000,0.0000,0.0000,0.0000,0.0000,0.0000,0.0000,0.0000,0.0000,0.0000,0.0000,0.0000,0.0000,0.0000,0.0000,30.0000,30.0000,30.0000,30.0000,30.0000,30.0000,30.0000,30.0000,30.0000,30.0000,30.0000,30.0000,30.0000,30.0000,30.0000,30.0000,30.0000,0.2063,0.1796,0.3573,0.0026,0.9940,0.0378,0.0321,0.4556,0.1422,0.0426,0.1062,0.0909,0.0140,0.0247,0.1406,0.1899,0.2722
1.0000,0.0000,0.0000,0.0000,0.0000,0.0000,0.0000,0.0000,0.0000,0.0000,0.0000,0.0000,0.0000,0.0000,0.0000,0.0000,0.0000,0.0000,30.0000,30.0000,30.0000,30.0000,30.0000,30.0000,30.0000,30.0000,30.0000,30.0000,30.0000,30.0000,30.0000,30.0000,30.0000,30.0000,30.0000,0.4177,0.3569,0.9867,0.0364,0.0050,0.0739,0.1049,0.7024,0.1452,0.1226,0.1782,0.1783,0.0593,0.0769,0.2851,0.9258,0.1390
1.0000,0.0000,0.0000,0.0000,0.0000,0.0000,0.0000,0.0000,0.0000,0.0000,0.0000,0.0000,0.0000,0.0000,0.0000,0.0000,0.0000,0.0000,30.0000,30.0000,30.0000,30.0000,30.0000,30.0000,30.0000,30.0000,30.0000,30.0000,30.0000,30.0000,30.0000,30.0000,30.0000,30.0000,30.0000,0.6156,0.9873,0.9705,0.0371,0.6628,0.1091,0.1418,0.5054,0.1813,0.0885,0.2504,0.1167,0.0490,0.0269,0.1729,0.5914,0.2555
1.0000,0.0000,0.0000,0.0000,0.0000,0.0000,0.0000,0.0000,1.0000,0.0000,0.0000,0.0000,0.0000,0.0000,0.0000,0.0000,0.0000,0.0000,30.0000,30.0000,30.0000,30.0000,30.0000,30.0000,30.0000,30.0000,30.0000,30.0000,30.0000,30.0000,30.0000,30.0000,30.0000,30.0000,30.0000,0.5584,0.7028,0.9873,0.0159,0.0222,0.0455,0.2919,0.6786,0.1627,0.1475,0.3612,0.1668,0.0852,0.0838,0.2916,0.8194,0.4503
1.0000,1.0000,0.0000,0.0000,0.0000,0.0000,1.0000,0.0000,0.0000,0.0000,0.0000,0.0000,0.0000,0.0000,0.0000,0.0000,0.0000,0.0000,30.0000,30.0000,30.0000,30.0000,30.0000,30.0000,30.0000,30.0000,30.0000,30.0000,30.0000,30.0000,30.0000,30.0000,30.0000,30.0000,30.0000,0.5043,0.1641,0.9895,0.0033,0.0045,0.0282,0.3024,0.2964,0.1154,0.0767,0.1437,0.0809,0.0309,0.0480,0.2296,0.5186,0.2016
1.0000,1.0000,0.0000,0.0000,1.0000,0.0000,0.0000,0.0000,0.0000,0.0000,0.0000,0.0000,1.0000,0.0000,0.0000,0.0000,0.0000,0.0000,30.0000,30.0000,30.0000,30.0000,30.0000,30.0000,30.0000,30.0000,30.0000,30.0000,30.0000,30.0000,30.0000,30.0000,30.0000,30.0000,30.0000,0.3821,0.0732,0.8737,0.0268,0.1570,0.0677,0.1065,0.3586,0.0909,0.0775,0.2933,0.2316,0.1102,0.0722,0.3229,0.9887,0.3575
1.0000,0.0000,0.0000,0.0000,0.0000,0.0000,1.0000,0.0000,0.0000,0.0000,0.0000,0.0000,0.0000,0.0000,0.0000,0.0000,0.0000,0.0000,30.0000,30.0000,30.0000,30.0000,30.0000,30.0000,30.0000,30.0000,30.0000,30.0000,30.0000,30.0000,30.0000,30.0000,30.0000,30.0000,30.0000,0.5032,0.2757,0.8532,0.0112,0.0063,0.0129,0.1917,0.3220,0.1050,0.0961,0.2197,0.1297,0.0373,0.0597,0.1768,0.9889,0.5039
1.0000,0.0000,0.0000,0.0000,0.0000,0.0000,0.0000,0.0000,0.0000,0.0000,0.0000,0.0000,0.0000,0.0000,0.0000,0.0000,0.0000,0.0000,30.0000,30.0000,30.0000,30.0000,30.0000,30.0000,30.0000,30.0000,30.0000,30.0000,30.0000,30.0000,30.0000,30.0000,30.0000,30.0000,30.0000,0.4834,0.4335,0.9885,0.0046,0.2475,0.0129,0.1436,0.3096,0.1456,0.1326,0.6349,0.1371,0.0276,0.0532,0.2500,0.9223,0.2341
1.0000,0.0000,0.0000,0.0000,0.0000,0.0000,0.0000,0.0000,0.0000,0.0000,0.0000,0.0000,0.0000,0.0000,0.0000,0.0000,0.0000,0.0000,30.0000,30.0000,30.0000,30.0000,30.0000,30.0000,30.0000,30.0000,30.0000,30.0000,30.0000,30.0000,30.0000,30.0000,30.0000,30.0000,30.0000,0.3935,0.2866,0.9944,0.0035,0.0036,0.0406,0.0337,0.3118,0.0906,0.0799,0.1579,0.0601,0.0244,0.0343,0.1474,0.4376,0.2412
1.0000,0.0000,0.0000,0.0000,0.0000,0.0000,0.0000,0.0000,0.0000,1.0000,0.0000,0.0000,0.0000,0.0000,0.0000,0.0000,0.0000,0.0000,30.0000,30.0000,30.0000,30.0000,30.0000,30.0000,30.0000,30.0000,30.0000,30.0000,30.0000,30.0000,30.0000,30.0000,30.0000,30.0000,30.0000,0.6344,0.9838,0.9304,0.0114,0.0737,0.0838,0.4076,0.6141,0.1264,0.1998,0.4566,0.1715,0.0547,0.1115,0.3855,0.9475,0.8277
1.0000,0.0000,0.0000,0.0000,0.0000,0.0000,0.0000,0.0000,0.0000,0.0000,0.0000,0.0000,0.0000,0.0000,0.0000,0.0000,0.0000,0.0000,30.0000,30.0000,30.0000,30.0000,30.0000,30.0000,30.0000,30.0000,30.0000,30.0000,30.0000,30.0000,30.0000,30.0000,30.0000,30.0000,30.0000,0.6610,0.5473,0.8725,0.0074,0.1214,0.0423,0.3078,0.8377,0.1689,0.1305,0.5901,0.1570,0.0461,0.0732,0.3734,0.9861,0.8438
1.0000,0.0000,0.0000,0.0000,0.0000,0.0000,1.0000,0.0000,0.0000,0.0000,0.0000,0.0000,0.0000,0.0000,0.0000,0.0000,0.0000,0.0000,30.0000,30.0000,30.0000,30.0000,30.0000,30.0000,30.0000,30.0000,30.0000,30.0000,30.0000,30.0000,30.0000,30.0000,30.0000,30.0000,30.0000,0.3127,0.9898,0.4749,0.0086,0.0787,0.0156,0.7278,0.5051,0.1320,0.0720,0.1917,0.1728,0.0407,0.0826,0.2191,0.5922,0.3363
1.0000,0.0000,0.0000,0.0000,0.0000,0.0000,0.0000,0.0000,0.0000,0.0000,0.0000,0.0000,0.0000,0.0000,0.0000,0.0000,0.0000,0.0000,30.0000,30.0000,30.0000,30.0000,30.0000,30.0000,30.0000,30.0000,30.0000,30.0000,30.0000,30.0000,30.0000,30.0000,30.0000,30.0000,30.0000,0.5159,0.7343,0.9905,0.0155,0.0672,0.0297,0.2692,0.4628,0.1519,0.0967,0.3370,0.1662,0.0463,0.0841,0.2113,0.8669,0.2900
1.0000,0.0000,0.0000,0.0000,0.0000,0.0000,0.0000,0.0000,0.0000,0.0000,0.0000,0.0000,0.0000,0.0000,0.0000,0.0000,0.0000,0.0000,30.0000,30.0000,30.0000,30.0000,30.0000,30.0000,30.0000,30.0000,30.0000,30.0000,30.0000,30.0000,30.0000,30.0000,30.0000,30.0000,30.0000,0.3272,0.6152,0.5776,0.0062,0.0170,0.0551,0.3785,0.9913,0.1609,0.1277,0.1477,0.1146,0.0349,0.1057,0.2343,0.3619,0.3314
1.0000,1.0000,0.0000,0.0000,0.0000,0.0000,0.0000,0.0000,0.0000,0.0000,0.0000,0.0000,0.0000,0.0000,0.0000,0.0000,0.0000,0.0000,30.0000,30.0000,30.0000,30.0000,30.0000,30.0000,30.0000,30.0000,30.0000,30.0000,30.0000,30.0000,30.0000,30.0000,30.0000,30.0000,30.0000,0.5470,0.3475,0.9912,0.0125,0.0023,0.0566,0.1751,0.3590,0.1403,0.1158,0.4384,0.1760,0.0308,0.0183,0.1737,0.6531,0.0630
1.0000,0.0000,0.0000,0.0000,0.0000,0.0000,0.0000,0.0000,0.0000,0.0000,0.0000,0.0000,0.0000,0.0000,0.0000,0.0000,0.0000,0.0000,30.0000,30.0000,30.0000,30.0000,30.0000,30.0000,30.0000,30.0000,30.0000,30.0000,30.0000,30.0000,30.0000,30.0000,30.0000,30.0000,30.0000,0.5780,0.9895,0.6300,0.0041,0.0905,0.1118,0.0924,0.8960,0.2080,0.0981,0.2436,0.0673,0.0173,0.0475,0.2246,0.4321,0.4237
1.0000,1.0000,0.0000,0.0000,0.0000,0.0000,0.0000,0.0000,0.0000,0.0000,0.0000,0.0000,0.0000,0.0000,0.0000,0.0000,0.0000,0.0000,30.0000,30.0000,30.0000,30.0000,30.0000,30.0000,30.0000,30.0000,30.0000,30.0000,30.0000,30.0000,30.0000,30.0000,30.0000,30.0000,30.0000,0.4980,0.6149,0.8897,0.0072,0.3191,0.0679,0.3860,0.6162,0.1689,0.1160,0.3202,0.3469,0.0451,0.1014,0.2473,0.9877,0.4650
1.0000,0.0000,0.0000,0.0000,0.0000,0.0000,0.0000,0.0000,0.0000,0.0000,0.0000,0.0000,0.0000,0.0000,0.0000,0.0000,0.0000,0.0000,30.0000,30.0000,30.0000,30.0000,30.0000,30.0000,30.0000,30.0000,30.0000,30.0000,30.0000,30.0000,30.0000,30.0000,30.0000,30.0000,30.0000,0.0565,0.0523,0.9990,0.0013,0.0020,0.0067,0.0143,0.0105,0.0119,0.0370,0.0281,0.0158,0.0037,0.0099,0.0260,0.1295,0.0521
1.0000,1.0000,0.0000,0.0000,0.0000,0.0000,0.0000,0.0000,0.0000,0.0000,0.0000,0.0000,0.0000,0.0000,0.0000,0.0000,0.0000,0.0000,30.0000,30.0000,30.0000,30.0000,30.0000,30.0000,30.0000,30.0000,30.0000,30.0000,30.0000,30.0000,30.0000,30.0000,30.0000,30.0000,30.0000,0.3896,0.6651,0.9902,0.0147,0.1058,0.0218,0.0615,0.5445,0.1882,0.1365,0.1977,0.2493,0.0272,0.0721,0.1955,0.7369,0.2747
1.0000,0.0000,0.0000,0.0000,0.0000,0.0000,0.0000,0.0000,0.0000,0.0000,0.0000,0.0000,0.0000,0.0000,0.0000,0.0000,0.0000,0.0000,30.0000,30.0000,30.0000,30.0000,30.0000,30.0000,30.0000,30.0000,30.0000,30.0000,30.0000,30.0000,30.0000,30.0000,30.0000,30.0000,30.0000,0.8830,0.6327,0.6153,0.0273,0.1018,0.0190,0.6115,0.5614,0.1623,0.1163,0.2668,0.1211,0.0686,0.1290,0.3960,0.9828,0.6123
1.0000,0.0000,0.0000,0.0000,0.0000,0.0000,0.0000,0.0000,0.0000,0.0000,0.0000,0.0000,0.0000,0.0000,0.0000,0.0000,0.0000,0.0000,30.0000,30.0000,30.0000,30.0000,30.0000,30.0000,30.0000,30.0000,30.0000,30.0000,30.0000,30.0000,30.0000,30.0000,30.0000,30.0000,30.0000,0.4728,0.7762,0.6307,0.0073,0.0779,0.0541,0.1268,0.4340,0.1337,0.0962,0.2384,0.1608,0.0280,0.0663,0.2275,0.9905,0.4254
1.0000,0.0000,0.0000,0.0000,0.0000,0.0000,0.0000,0.0000,0.0000,0.0000,0.0000,0.0000,0.0000,0.0000,0.0000,0.0000,0.0000,0.0000,30.0000,30.0000,30.0000,30.0000,30.0000,30.0000,30.0000,30.0000,30.0000,30.0000,30.0000,30.0000,30.0000,30.0000,30.0000,30.0000,30.0000,0.3897,0.0343,0.6504,0.0044,0.4321,0.2156,0.0559,0.5048,0.1191,0.0247,0.1039,0.1461,0.0239,0.0458,0.2466,0.9944,0.2034
1.0000,0.0000,0.0000,0.0000,0.0000,1.0000,0.0000,0.0000,0.0000,0.0000,0.0000,0.0000,0.0000,1.0000,0.0000,0.0000,0.0000,0.0000,30.0000,30.0000,30.0000,30.0000,30.0000,30.0000,30.0000,30.0000,30.0000,30.0000,30.0000,30.0000,30.0000,30.0000,30.0000,30.0000,30.0000,0.5129,0.5725,0.9863,0.0556,0.5626,0.0758,0.3444,0.7564,0.1367,0.2593,0.1866,0.4169,0.1609,0.1443,0.4035,0.5350,0.2235
1.0000,0.0000,0.0000,0.0000,0.0000,0.0000,0.0000,0.0000,0.0000,0.0000,0.0000,0.0000,0.0000,0.0000,0.0000,0.0000,0.0000,0.0000,30.0000,30.0000,30.0000,30.0000,30.0000,30.0000,30.0000,30.0000,30.0000,30.0000,30.0000,30.0000,30.0000,30.0000,30.0000,30.0000,30.0000,0.4279,0.5149,0.5373,0.0195,0.0126,0.0366,0.3519,0.4887,0.1320,0.0813,0.3610,0.1431,0.0824,0.0964,0.1909,0.9898,0.7053
1.0000,1.0000,0.0000,0.0000,0.0000,0.0000,0.0000,0.0000,0.0000,0.0000,0.0000,0.0000,0.0000,0.0000,0.0000,0.0000,0.0000,0.0000,30.0000,30.0000,30.0000,30.0000,30.0000,30.0000,30.0000,30.0000,30.0000,30.0000,30.0000,30.0000,30.0000,30.0000,30.0000,30.0000,30.0000,0.2508,0.9959,0.3834,0.0099,0.0027,0.0626,0.1229,0.1870,0.0973,0.0544,0.1015,0.0924,0.0154,0.0253,0.1045,0.3735,0.2404
1.0000,0.0000,0.0000,0.0000,0.0000,0.0000,1.0000,0.0000,0.0000,0.0000,0.0000,0.0000,0.0000,0.0000,1.0000,0.0000,0.0000,0.0000,30.0000,30.0000,30.0000,30.0000,30.0000,30.0000,30.0000,30.0000,30.0000,30.0000,30.0000,30.0000,30.0000,30.0000,30.0000,30.0000,30.0000,0.3254,0.0542,0.2743,0.0114,0.0564,0.0305,0.2738,0.9953,0.0432,0.1389,0.0961,0.0732,0.0378,0.0576,0.1211,0.3433,0.2444
1.0000,0.0000,0.0000,0.0000,0.0000,1.0000,0.0000,0.0000,0.0000,0.0000,0.0000,1.0000,0.0000,0.0000,0.0000,0.0000,0.0000,0.0000,30.0000,30.0000,30.0000,30.0000,30.0000,30.0000,30.0000,30.0000,30.0000,30.0000,30.0000,30.0000,30.0000,30.0000,30.0000,30.0000,30.0000,0.4808,0.9949,0.9293,0.0025,0.0334,0.0772,0.2147,0.1603,0.0423,0.3465,0.1698,0.0599,0.0159,0.0211,0.1790,0.2543,0.0962
1.0000,0.0000,0.0000,0.0000,0.0000,0.0000,0.0000,0.0000,0.0000,0.0000,0.0000,0.0000,0.0000,0.0000,0.0000,0.0000,0.0000,0.0000,30.0000,30.0000,30.0000,30.0000,30.0000,30.0000,30.0000,30.0000,30.0000,30.0000,30.0000,30.0000,30.0000,30.0000,30.0000,30.0000,30.0000,0.8044,0.0509,0.9930,0.0146,0.1254,0.1680,0.2169,0.2984,0.0353,0.0669,0.0748,0.1281,0.0456,0.0458,0.1608,0.3254,0.4392
1.0000,0.0000,0.0000,0.0000,0.0000,0.0000,0.0000,0.0000,0.0000,0.0000,0.0000,0.0000,0.0000,0.0000,0.0000,0.0000,0.0000,0.0000,30.0000,30.0000,30.0000,30.0000,30.0000,30.0000,30.0000,30.0000,30.0000,30.0000,30.0000,30.0000,30.0000,30.0000,30.0000,30.0000,30.0000,0.3176,0.9947,0.4747,0.0095,0.0270,0.0269,0.1701,0.4523,0.0800,0.0557,0.1056,0.0628,0.0225,0.0313,0.1296,0.3712,0.3165
1.0000,0.0000,0.0000,0.0000,0.0000,0.0000,0.0000,0.0000,0.0000,0.0000,0.0000,0.0000,0.0000,0.0000,0.0000,0.0000,0.0000,0.0000,30.0000,30.0000,30.0000,30.0000,30.0000,30.0000,30.0000,30.0000,30.0000,30.0000,30.0000,30.0000,30.0000,30.0000,30.0000,30.0000,30.0000,0.2229,0.1375,0.5093,0.0030,0.1981,0.0793,0.2367,0.7208,0.1096,0.0733,0.1729,0.0799,0.0390,0.0165,0.1711,0.5005,0.9915
